cellID,ratio_DSB_Gy_Gbp,ratio_DSB_Gy_Gbp_Std,ratio_SSB_Gy_Gbp,ratio_SSB_Gy_Gbp_Std
5,0,0,38.4677,106.616
17,5.13058,14.2198,264.225,732.321
21,14.0628,38.9761,225.005,623.618
24,0.79869,1.89954,59.9018,125.179
25,1.39922,3.46084,57.368,141.894
44,0.150376,0.234208,16.9925,19.8447
51,0,0,30.3893,84.2264
78,2.0542,4.80454,180.77,320.922
95,0.563002,0.820348,36.7359,39.9515
116,1.70059,4.05358,22.1077,41.907
134,0.769614,0.761028,48.0581,33.3413
143,3.03886,5.67251,108.386,200.798
159,0,0,120.167,333.053
172,13.8368,33.2913,138.368,332.913
217,1.06535,1.25138,52.5894,57.0799
251,0,0,148.883,286.468
277,0,0,46.85,80.6254
312,3.96133,10.9791,79.2266,219.583
365,6.49339,16.8616,201.295,497.639
374,1.10704,2.92807,51.2929,123.101
417,0,0,65.9163,182.692
451,0.251549,0.298486,47.1655,38.0391
452,0,0,70.4132,195.156
458,0.557355,0.474476,31.7208,21.9708
468,4.07584,9.24939,222.133,417
498,2.73911,7.59167,139.695,387.175
502,3.31335,4.37092,136.289,130.536
534,0,0,25.5721,70.8751
611,2.5755,4.10689,109.716,149.524
630,1.26993,3.07793,73.6561,178.52
678,8.98411,24.9002,124.28,344.453
684,0.371337,0.915142,14.8535,31.5708
699,0,0,16.4696,29.2337
720,0,0,148.503,235.878
735,1.86708,4.19575,69.829,121.682
740,0.647216,0.802008,40.6667,34.5329
765,0,0,100.252,277.858
767,4.25628,11.7966,122.013,338.17
769,0.153848,0.296101,31.6157,47.6705
846,1.44383,1.47193,62.8547,56.4774
886,0,0,159.581,442.293
896,0.198177,0.441425,32.8974,58.7677
977,2.21183,3.93383,110.149,181.235
981,3.26871,6.12093,81.4293,149.898
1014,0,0,279.371,774.3
1045,0,0,115.016,243.706
1059,0.582436,0.733264,36.0528,35.7766
1097,1.30353,2.98213,97.7644,166.705
1111,0,0,15.2503,37.8096
1153,5.16981,14.3286,139.585,386.871
1185,2.98038,8.26037,122.196,338.675
1331,0,0,183.542,508.702
1337,2.28047,2.26844,59.5401,48.677
1353,0.811427,1.88973,48.4151,90.9422
1357,2.90112,2.85797,74.8137,48.7362
1406,0.323505,0.701557,26.0422,45.3221
1457,2.2781,6.31394,75.9367,210.465
1496,0,0,20.8038,38.2894
1573,0.696217,1.24757,41.773,59.5588
1604,0,0,244.004,676.278
1620,0.589041,1.10496,39.9369,71.0727
1679,0.415662,0.444858,43.6445,35.0066
1704,2.30857,1.08146,81.2226,30.7822
1705,1.92521,3.11762,77.5586,82.0332
1721,7.17676,16.5669,139.05,299.62
1832,0,0,30.4474,73.1069
1971,0.543196,0.723039,46.7149,39.9334
2037,2.37078,4.30224,43.0388,69.8447
2043,4.12281,9.90421,118.187,232.032
2055,7.50555,20.8022,187.639,520.056
2065,4.64693,12.8793,127.791,354.182
2090,0.933183,1.43583,41.0601,49.7461
2108,0,0,303.641,841.566
2109,0,0,2.47756,6.86677
2117,0,0,201.205,394.793
2155,1.73177,2.88071,65.6339,76.7696
2156,0,0,37.2259,82.8485
2173,4.98115,13.8057,189.284,524.616
2179,1.17373,1.41516,44.6017,43.0836
2198,1.84027,4.54489,40.486,99.9875
2199,0,0,10.628,19.7618
2203,0.439308,0.689695,30.1867,37.9689
2211,0,0,116.313,322.37
2251,1.04235,1.02587,48.941,30.0842
2277,0,0,27.3041,68.2778
2285,0.899005,1.31893,48.3215,57.2965
2295,0,0,53.666,61.5115
2310,0.767708,0.944945,53.8931,37.9603
2381,0.620649,1.41591,27.9292,63.716
2386,12.8484,35.6104,89.9389,249.273
2414,0,0,32.7239,55.7726
2431,0,0,32.8836,81.0288
2437,4.29442,11.6535,167.483,441.091
2439,0,0,20.5852,37.0388
2440,0,0,113.095,230.57
2443,0.568916,1.23705,39.7429,58.434
2453,0.977969,1.7039,31.1972,46.1214
2466,2.80524,4.14254,66.3357,70.466
2468,1.01341,2.36661,33.1528,61.0216
2473,3.41451,5.64816,133.166,198.443
2496,6.2834,14.2653,119.385,200.069
2498,0,0,74.4922,190.97
2532,2.10152,5.30446,31.5228,79.5669
2543,1.90298,3.50303,166.511,300.56
2568,0.853231,0.817188,38.6392,32.1909
2575,0.454803,0.972463,66.4012,79.5606
2583,0.703461,0.792823,33.7661,32.1822
2591,0,0,118.297,327.87
2594,1.76632,4.39613,31.7937,79.1304
2597,1.4486,2.5334,46.645,74.3891
2599,0,0,190.245,527.28
2606,1.08418,2.27921,89.4446,99.2634
2612,0,0,9.86061,26.2797
2629,0,0,71.3766,169.341
2657,3.11372,6.81598,95.6357,156.826
2658,0,0,15.3239,42.4174
2668,0.860801,0.904661,27.6276,21.6069
2677,0.114888,0.264731,13.2121,21.7396
2678,2.75043,2.90346,82.9426,80.858
2714,0,0,45.2497,109.413
2718,0,0,4.70513,12.7593
2727,0,0,173.091,479.737
2747,0.696855,1.14625,64.4591,94.8579
2836,1.73122,3.13136,78.7703,132.43
2847,0,0,71.995,137.369
2856,1.61753,3.701,95.4345,181.232
2858,1.46285,3.38198,51.5655,119.215
2859,0.335455,0.536621,40.3664,37.2747
2863,1.33853,1.55513,43.5023,43.4091
2911,0,0,54.8389,76.7531
2923,4.21528,11.4626,149.643,403.975
2940,0.210162,0.485101,43.9238,69.8697
2953,0.606306,1.39816,17.9871,35.0399
2988,1.77676,3.16591,50.0453,72.9714
3022,1.53337,3.93658,59.8013,132.563
3071,0,0,18.5583,49.2598
3075,1.25054,1.39426,70.4472,59.0553
3107,0.84996,2.19745,31.4485,75.8968
3133,1.09998,2.73411,25.2996,62.8845
3158,5.23,14.4954,230.12,637.796
3179,0.609434,1.66203,8.93837,24.3764
3180,0,0,158.58,439.516
3181,0,0,5.88892,13.3109
3216,0.822775,0.405375,43.1602,15.0032
3278,0,0,75.2962,208.689
3289,2.46141,6.82201,120.609,334.278
3293,0.888908,2.09112,42.1597,95.2015
3405,1.59366,2.69656,116.868,136.394
3413,0,0,125.589,348.081
3414,1.62429,2.2148,84.1383,84.2994
3441,0.675569,0.93003,39.746,37.0239
3449,0.819292,0.401618,55.8365,21.0956
3481,0.215222,0.476762,26.0418,42.0822
3500,2.83595,4.81702,102.094,140.244
3503,1.26697,3.07471,86.1538,171.775
3519,0.330357,0.774118,58.4733,107.648
3528,4.14109,10.0498,115.951,230.993
3540,1.90643,1.65423,82.1355,62.7488
3554,0,0,27.5449,68.3627
3560,0,0,17.1813,38.0909
3563,0.154418,0.326013,65.6277,74.5355
3568,0,0,9.43259,20.1558
3589,0.608983,0.821561,66.8358,60.2785
3599,0,0,36.2883,100.576
3622,4.07795,7.50721,65.2473,130.867
3626,2.39544,5.34137,52.2206,82.0501
3627,0.303255,0.624498,29.2641,29.0936
3631,0.681914,1.49937,21.736,38.7113
3633,0,0,84.1481,233.223
3659,2.42382,4.92699,124.423,246.667
3664,0,0,225.211,497.072
3668,0,0,15.9662,34.9784
3674,0,0,104.711,290.215
3676,0,0,8.3906,21.8313
3690,0,0,35.9583,99.6614
3693,1.53275,2.26409,75.2325,105.797
3699,0,0,18.7545,51.9796
3716,0.30829,0.459217,40.3859,45.3769
3718,0.308791,0.70472,12.8148,21.8639
3719,1.09227,2.2994,41.9746,63.8352
3735,2.14282,3.89473,57.9276,93.9217
3755,0,0,14.6767,38.0855
3765,0.267014,0.419607,45.7929,51.4178
3784,0,0,54.1917,130.346
3785,4.0715,7.72999,164.217,290.501
3797,0,0,60.7805,168.458
3805,0.563586,0.677519,40.6533,34.4533
3808,2.56718,3.73291,71.0912,82.3738
3812,0,0,79.0907,219.206
3827,0.966083,1.40507,41.3711,53.7385
3833,1.21026,1.75355,69.4688,66.8223
3837,0.883567,1.43144,39.7605,54.2032
3850,0,0,27.1396,75.2196
3852,0.824527,1.8968,63.4886,116.713
3859,3.04,4.74063,98.344,141.223
3860,5.52428,15.311,187.826,520.574
3871,0.454178,0.7593,44.2066,51.1348
3902,3.00927,7.90437,109.337,262.142
3903,0.717612,0.825432,55.4769,44.2414
3925,0,0,15.7901,40.9059
3926,1.00396,2.4097,40.1585,96.388
3953,0.930601,2.08453,46.0647,68.0343
3969,2.94667,8.16695,123.76,343.012
3975,1.85909,4.41783,204.5,393.304
3976,1.54975,0.857714,65.2263,28.5046
3989,0,0,16.5478,43.7683
3994,0.605054,0.727781,38.3453,35.4063
4007,0.833591,1.81834,37.9284,53.7859
4018,0,0,12.968,23.3812
4033,0,0,153.205,424.62
4045,2.09922,4.69663,27.2899,45.1522
4065,5.96932,16.5445,179.08,496.334
4078,2.50277,5.50564,90.934,196.672
4082,0,0,146.619,406.367
4097,1.28447,1.5545,82.3489,74.335
4128,0.078416,0.169304,31.9153,37.259
4134,0,0,12.6846,31.744
4151,0,0,106.435,294.994
4155,0.850906,1.62893,17.3372,34.9636
4160,0,0,30.6803,76.2832
4194,0,0,13.651,28.2484
4208,1.20123,2.56927,77.1791,90.8813
4213,2.68928,6.45572,53.7857,105.488
4215,2.37778,3.16419,49.8012,56.4576
4230,2.18456,5.34935,159.473,337.084
4238,1.92867,1.93532,77.0089,68.3547
4253,18.2649,50.6227,237.444,658.095
4288,5.034,13.9521,85.578,237.186
4316,0,0,150.871,418.15
4317,1.60232,1.99823,61.7508,72.0589
4318,0.68091,0.967096,28.1977,23.8808
4332,0.936048,2.17997,150.704,271.51
4349,0,0,255.16,581.5
4351,0.423911,0.758832,21.9021,31.3309
4370,1.99947,3.3858,106.829,146.472
4380,4.61785,12.7988,138.536,383.963
4394,1.02849,1.59945,79.7079,80.5764
4401,0.94216,2.48475,26.3805,63.6875
4403,0,0,115.31,319.59
4410,0,0,0.459649,1.27395
4444,0,0,113.635,314.949
4445,1.36961,2.02313,55.8117,60.5702
4449,0.830113,0.802861,50.5776,38.2216
4458,0.478635,1.17413,38.5302,84.3623
4460,0.510324,0.742488,35.8685,38.2047
4478,0,0,137.409,380.841
4486,0,0,32.7674,64.76
4487,0.434912,0.791861,27.3994,49.628
4506,2.32961,4.05158,114.151,160.076
4512,1.43634,3.44888,41.6537,100.017
4514,0.479448,1.32883,55.616,154.144
4545,0,0,65.4821,181.489
4553,0,0,176.88,490.237
4588,1.1984,0.86351,45.9387,26.6678
4592,0.661372,0.480245,36.0044,20.1423
4598,8.71861,24.1643,197.622,547.725
4636,3.60431,9.98963,263.115,729.243
4643,0,0,34.311,82.5216
4644,0.632655,0.898475,35.1756,46.8889
4646,0,0,120.8,334.808
4652,1.14694,3.17883,37.8489,104.901
4661,0.329918,0.70398,13.5266,22.0223
4668,7.87386,14.5554,160.43,296.214
4671,0.570469,0.857707,30.8053,41.9009
4674,0,0,191.718,378.678
4678,0,0,90.7084,251.406
4689,0,0,15.3926,36.4015
4690,3.99536,9.61199,187.782,372.616
4693,0,0,48.6797,99.8812
4695,0,0,11.8539,32.1079
4698,0.427988,0.81449,23.5394,38.6301
4717,3.15778,8.75204,123.153,341.33
4723,1.24856,1.11535,69.1048,41.7502
4729,0,0,3.17706,8.69743
4733,0,0,11.1717,24.8087
4738,0,0,178.141,493.731
4740,0.338499,0.760593,70.7462,101.028
4748,1.04625,2.89977,43.9426,121.79
4750,1.05396,1.77837,40.8409,81.2714
4757,2.08565,5.26614,127.224,291.973
4758,2.04891,3.84323,124.691,149.117
4764,0,0,184.282,510.751
4766,1.10546,1.9675,52.2329,72.147
4771,3.68672,7.13227,94.514,134.91
4773,4.90599,11.8761,110.385,210.749
4802,0,0,91.9884,254.953
4806,1.23988,2.24674,58.4811,119.636
4808,1.43211,1.5083,50.8399,42.1811
4811,0,0,84.2936,170.255
4816,4.3549,8.90039,164.76,278.964
4822,2.21112,4.33202,68.9871,105.551
4834,3.08959,7.05365,213.182,355.128
4836,1.73778,1.5825,66.2386,44.6689
4837,0.840235,1.85412,51.2544,87.2762
4840,0.510071,0.886242,45.6514,65.7959
4851,1.00915,2.51335,29.2653,72.8873
4855,0,0,143.645,398.124
4868,1.83466,2.86361,68.5495,108.758
4872,0.302565,0.677655,42.0565,57.4804
4874,0,0,106.663,266.26
4877,0.344339,0.790285,44.764,74.6017
4885,1.10108,0.74569,51.3236,29.0969
4888,0,0,154.567,428.394
4894,0,0,112.274,311.176
4899,1.31835,2.40924,45.6148,74.2678
4903,0,0,93.1981,133.05
4909,2.92219,3.13436,102.833,88.662
4911,1.33506,2.1121,57.074,96.5888
4915,1.22692,2.73356,40.6636,73.6924
4927,0.327301,0.748268,18.9835,32.476
4928,0,0,234.021,648.608
4930,0.791355,1.34003,70.8262,99.2373
4934,0,0,251.094,695.926
4942,0.749689,1.77798,75.7186,159.749
4956,1.01609,0.927862,51.2321,41.2081
4957,0,0,6.63094,17.9034
4959,0.815619,0.865339,80.0123,58.9953
4970,1.30516,1.54264,120.857,95.8829
4982,0,0,23.4364,58.5385
4989,0,0,70.8261,144.187
4993,0,0,16.964,30.5212
4999,0.826848,0.795225,49.4229,33.0815
5025,0.903386,1.89686,84.2408,167.565
5027,2.10886,4.14919,127.586,254.108
5034,1.1392,1.44507,93.6424,111.501
5043,0.188828,0.411057,19.2605,29.2824
5047,3.06354,5.89715,125.605,212.469
5058,0.244071,0.419212,17.4104,22.9833
5060,0,0,266.039,737.349
5062,0,0,148.113,410.506
5064,1.44178,3.62166,21.9471,54.6447
5071,0,0,47.4596,114.335
5073,0,0,143.593,397.98
5080,2.02704,4.59854,150.001,245.367
5084,3.03859,6.66283,93.8588,211.904
5088,5.91563,15.1964,307.613,727.869
5101,0.742477,0.803617,33.2524,26.6049
5116,2.08277,4.58779,204.112,283.18
5119,0,0,0.531883,1.25285
5123,0,0,243.651,675.298
5124,0,0,13.9214,23.1009
5127,1.75981,4.11224,61.5932,124.803
5128,0,0,112.881,312.858
5139,0,0,236.396,593.564
5143,11.6281,32.2283,188.376,522.099
5145,0,0,35.1833,53.2516
5153,1.26306,2.05552,44.7123,48.1942
5156,0.732178,1.72508,59.5505,131.414
5157,0,0,65.2923,180.963
5164,0,0,17.2286,37.9715
5165,1.30066,3.6049,45.5233,126.171
5166,0.668522,1.10831,36.9173,42.6693
5175,5.64914,13.6829,155.351,319.355
5182,1.82639,3.62017,56.3236,113.526
5186,1.17904,2.9136,33.8553,83.6619
5203,0.742833,1.16222,20.4279,29.8263
5205,0,0,164.521,455.983
5206,0.23778,0.474117,9.63008,20.3555
5209,0.940602,1.56953,76.565,86.4703
5211,1.50134,1.95276,48.1218,59.2854
5222,0,0,212.98,465.803
5229,0,0,45.2229,125.339
5239,1.48729,1.7026,58.092,51.8276
5245,0,0,1.47002,3.1033
5246,0.747489,0.617499,42.3399,27.293
5254,0.2434,0.321511,23.6707,19.9142
5263,0,0,200.049,554.451
5267,0,0,58.8493,122.54
5269,3.51344,8.12777,116.529,233.092
5274,1.18329,0.519144,59.4539,20.9318
5280,1.28999,2.41901,37.2484,60.136
5284,1.41607,0.996404,66.8934,32.7648
5287,0,0,2.62213,7.26744
5291,0,0,112.045,276.052
5292,1.47825,1.27315,55.0647,34.1985
5293,0,0,58.6128,133.542
5298,0,0,149.072,413.165
5301,0,0,24.5578,64.2352
5304,1.18389,1.4042,54.4588,54.1773
5309,0,0,25.4298,70.4806
5312,1.44972,3.49767,52.1899,121.478
5317,0,0,38.8935,83.3478
5322,2.24432,2.39234,82.8902,87.4999
5323,0.214953,0.481525,51.5887,68.1404
5335,4.9308,13.6661,113.408,314.32
5337,1.33575,1.99668,34.312,43.2286
5341,1.79241,2.71311,77.9699,112.622
5352,0,0,64.5993,179.042
5358,1.02767,2.26781,51.1265,114.748
5363,1.41259,1.97885,93.7019,111.852
5366,5.1896,11.5633,119.361,234.175
5369,0,0,130.488,361.659
5374,0,0,91.1298,252.574
5375,1.47581,1.95215,69.6582,77.1189
5387,1.00279,2.77933,48.0088,133.06
5389,0,0,97.3394,269.784
5392,0,0,35.1319,97.371
5394,0.349639,0.741614,40.7912,62.2478
5401,0.151664,0.361712,14.2564,26.9918
5405,0,0,76.6025,212.31
5408,0,0,79.9431,128.067
5413,1.06317,0.935321,45.8174,28.3121
5415,0.466035,1.22746,21.9036,57.6905
5416,1.18072,1.26284,73.0076,64.0631
5417,1.10897,0.758249,45.6034,24.5737
5438,1.04225,1.1348,57.7499,51.9085
5447,0,0,14.2375,35.9455
5452,0,0,86.623,240.083
5454,0.60089,0.343817,38.5752,14.9132
5456,1.26502,0.558413,60.3062,19.0417
5490,1.66987,4.01143,42.5817,102.292
5504,0,0,127.97,354.678
5518,1.24692,2.56324,37.9065,62.1313
5525,1.50719,0.762441,63.8323,24.5658
5526,2.50297,5.88066,75.2081,174.602
5530,0.305938,0.674852,27.8403,41.4605
5535,0,0,100.196,277.7
5537,0,0,68.6155,104.482
5541,2.89987,6.49005,117.445,182.491
5543,14.1626,39.2528,254.927,706.551
5544,1.94086,4.07682,89.9855,158.631
5548,0.976834,1.17935,45.9864,45.1298
5558,1.58734,3.81049,64.2873,136.2
5559,0.65182,1.46255,78.2184,113.868
5567,0,0,60.4137,167.442
5569,1.39221,0.984398,51.7676,28.0708
5576,0.514676,0.80133,23.1604,31.2941
5579,0,0,80.4117,222.868
5584,1.29169,1.16993,69.1277,42.1762
5586,0.507753,0.798419,73.6242,83.059
5588,0.666684,0.997204,49.5013,60.4154
5589,0,0,31.7528,80.611
5590,0,0,3.17073,7.58147
5592,1.2295,1.28406,47.6962,40.0298
5598,0,0,19.8973,42.3297
5599,0.839532,1.14172,40.6707,40.508
5603,1.19289,0.616975,66.4131,29.272
5610,0,0,103.571,287.055
5611,0.720952,0.477575,38.3429,14.5933
5613,0,0,380.514,1054.63
5621,1.37636,1.94841,42.9731,55.1043
5624,0.465857,0.829957,28.0845,22.0819
5625,1.20757,0.728885,63.2735,27.7249
5632,1.05579,2.21608,41.1757,76.5056
5635,0,0,177.293,352.078
5639,1.44259,3.42955,26.4476,55.6184
5648,3.64219,6.16785,122.378,191.911
5649,0,0,121.978,338.071
5650,2.42963,5.8807,86.8592,160.011
5652,0,0,2.42642,6.66088
5658,0.840227,1.09999,32.4013,33.5322
5661,1.90445,3.08622,96.4924,99.0782
5666,0,0,75.2295,181.392
5670,0,0,6.20195,13.2503
5678,0.120633,0.260498,12.184,16.676
5692,0.556268,1.4379,35.0449,77.5198
5703,2.29585,4.23644,71.6498,122.703
5706,0,0,80.6008,149.521
5709,0,0,127.641,353.766
5713,4.868,13.4921,209.324,580.158
5721,0.204556,0.327245,15.6486,20.1841
5724,0,0,215.928,598.462
5730,7.04917,16.2523,162.131,286.951
5732,1.19939,1.99514,72.2635,95.9055
5733,0,0,16.1918,44.877
5734,5.03625,9.44393,121.93,181.758
5738,0.598779,1.01089,31.6498,47.6293
5748,0,0,10.5069,27.7588
5749,4.86318,13.4787,189.664,525.669
5750,4.10577,8.96924,147.221,193.105
5753,0,0,24.7861,44.2566
5755,1.23233,3.12968,62.8486,141.478
5756,0.401008,0.940638,24.0605,53.3433
5759,2.92249,8.08296,88.4866,244.06
5762,0,0,118.04,236.055
5764,0,0,14.6562,24.0858
5767,2.46087,4.01219,111.97,181.902
5770,1.08736,1.31655,31.4346,34.465
5771,0,0,39.0547,83.2901
5772,1.70189,2.32321,96.1568,131.542
5773,0.258904,0.433787,37.8,45.6409
5774,0,0,138.555,384.017
5775,1.69116,3.67052,147.977,190.38
5776,0,0,41.0702,60.2921
5778,0.702553,0.414677,48.9111,23.2546
5781,0.950498,0.578136,50.5811,18.6751
5784,0,0,76.4462,181.347
5785,0,0,193.824,537.199
5786,0.174839,0.379897,32.3453,42.765
5789,3.10136,8.59566,86.838,240.678
5793,0,0,58.1131,117.085
5798,0,0,32.1311,68.0073
5802,0,0,51.8563,95.9996
5804,0.395726,0.708301,21.8441,25.1639
5805,0,0,12.6971,35.1909
5806,0,0,242.717,672.71
5809,0,0,29.1944,40.4591
5810,0,0,310.457,860.457
5812,1.02513,2.60236,66.6337,169.153
5817,2.57213,6.48713,122.728,287.231
5819,0.693702,1.66501,52.7214,126.541
5821,0.203131,0.451948,30.4696,51.5969
5825,2.6686,5.24964,109.413,187.31
5826,0,0,77.4482,109.703
5828,0.662631,1.01939,60.962,66.4271
5830,0,0,302.391,838.102
5831,0,0,37.1114,102.857
5832,0.663467,1.83885,28.7945,79.8062
5834,0.308992,0.694613,53.7645,100.068
5835,0,0,38.137,73.2737
5838,1.58868,2.05312,118.886,108.522
5842,0,0,15.748,26.8456
5843,0,0,8.34999,22.8457
5848,3.26225,8.44214,48.3406,121.702
5851,0.807859,2.03023,52.5109,131.965
5852,0,0,44.0769,122.163
5853,0.454487,0.978073,62.7192,86.3962
5854,2.71426,6.52154,150.642,295.668
5865,1.48087,3.53119,43.6857,98.5602
5866,0,0,139.228,297.117
5867,0,0,124.119,228.606
5868,0,0,50.092,138.834
5870,1.75048,4.8516,77.6047,215.088
5871,1.11618,0.69795,59.6038,30.4991
5873,1.15244,2.59964,39.1829,89.7881
5874,0.510098,1.23286,48.9695,89.9128
5875,0,0,137.349,380.673
5876,0.682733,1.5,96.2654,149.891
5878,0,0,19.1683,45.7821
5879,0.399963,0.732291,17.0384,28.0283
5889,0.761732,1.86432,34.2779,66.2583
5890,0,0,64.3481,178.346
5893,1.70373,3.95735,87.7422,159.077
5894,5.85061,16.2154,178.443,494.571
5895,2.81132,7.79181,112.453,311.672
5896,14.2238,32.3904,163.574,355.328
5899,0,0,10.8795,29.384
5900,0,0,80.639,223.497
5902,1.02672,0.58265,45.0289,20.5212
5904,5.0005,12.7,151.746,380.527
5905,0,0,102.525,284.155
5906,0,0,22.7069,52.2148
5909,0,0,105.858,293.393
5910,4.56036,12.6394,229.538,636.183
5911,0,0,205.788,570.359
5913,0,0,4.40419,9.70126
5918,1.44558,3.30152,51.6795,113.345
5919,0.193101,0.399924,48.2753,47.9305
5923,0,0,55.8667,110.464
5927,1.27634,2.66883,32.6378,60.8694
5928,11.7749,32.635,215.873,598.308
5931,0,0,4.3956,10.7231
5933,0,0,86.5928,239.999
5934,0,0,75.2639,193.663
5935,1.10682,2.21952,33.8687,64.4224
5937,0,0,62.1777,172.331
5939,0.84322,1.74939,71.6737,77.3171
5941,0,0,76.6795,122.756
5944,1.29268,1.87587,45.567,50.9583
5948,4.47133,8.8705,146.436,261.231
5951,1.0614,1.32826,42.3443,34.7268
5952,0,0,126.761,351.328
5953,0,0,17.275,44.6093
5958,0,0,57.029,94.0632
5961,3.35216,9.0761,107.269,281.376
5962,4.29881,11.9145,170.519,472.608
5964,0.239805,0.500586,37.1698,40.1241
5968,1.0818,1.40048,61.7978,72.2438
5970,0,0,7.87161,17.0749
5972,2.92892,8.11773,84.9386,235.414
5975,0,0,188.124,521.402
5983,5.70088,10.5332,180.528,300.277
5985,0,0,125.75,348.526
5986,3.12336,4.01093,84.1888,95.3893
5987,1.52611,2.84239,57.3137,80.8556
5988,0,0,169.264,469.13
5992,0,0,132.674,189.959
5993,0,0,138.446,383.714
5999,1.0478,1.33951,42.0616,47.4877
6003,1.50372,2.02388,50.1039,63.0258
6004,0,0,222.651,617.095
6008,0,0,304.203,843.124
6012,2.11371,5.85833,80.3211,222.616
6013,2.52113,2.97135,86.2357,94.6284
6019,2.6727,6.41535,70.8267,170.007
6020,6.1809,17.1309,142.161,394.01
6026,6.97911,16.8291,162.846,343.904
6027,1.02233,2.55339,13.9036,34.7262
6028,3.3207,4.15805,97.7233,96.8919
6029,3.17931,6.15168,59.9178,98.9512
6030,1.61752,1.87198,70.7089,74.7863
6031,1.0935,2.36443,43.1933,63.1766
6032,0.960492,2.19404,21.1308,41.911
6033,1.27906,3.54502,61.8212,171.342
6037,0.2265,0.497333,14.7225,21.9128
6039,0,0,2.02477,5.5619
6042,2.1393,5.1756,96.9818,229.353
6043,0,0,0.506157,1.28127
6046,0,0,141.718,392.782
6047,3.76052,10.4226,266.997,740.003
6048,0.251881,0.517024,37.908,32.9048
6049,0.632564,0.762428,62.8769,50.7994
6050,2.05508,5.42407,76.038,200.691
6052,0,0,14.8493,41.1559
6054,1.21309,1.87011,38.9362,47.4275
6056,1.43215,2.78624,122.449,238.82
6059,1.33343,1.11161,50.418,31.2521
6062,0,0,93.469,226.945
6064,0,0,183.178,507.694
6065,0,0,159.185,441.193
6074,0,0,134.673,357.014
6076,0,0,16.3162,43.407
6083,0.731266,1.72592,87.752,152.011
6085,3.32557,5.63549,92.209,135.465
6086,0,0,8.82092,20.2576
6088,1.83121,4.50557,122.691,261.54
6089,0,0,127.748,354.064
6090,1.13595,1.70345,61.5305,84.237
6097,2.37456,5.18527,90.7608,195.431
6099,1.99117,5.26979,98.895,261.733
6103,0,0,169.852,470.76
6115,2.85049,6.93209,82.6642,201.031
6119,0,0,193.633,536.669
6121,1.95543,4.39129,152.524,247.995
6122,0,0,174.134,343.069
6127,0.432456,0.666403,24.4338,34.1937
6130,0.31189,0.736742,24.6393,45.4387
6134,0.572004,0.699261,45.6459,43.9771
6145,0,0,167.835,465.17
6147,0,0,59.7408,117.401
6158,1.25124,0.711252,55.2693,25.3215
6161,1.14952,2.50068,57.4758,86.7409
6166,2.91554,4.43022,68.307,83.0217
6170,3.14875,5.25524,77.7168,120.043
6174,0.983408,0.462429,43.8809,14.6269
6176,0.831906,2.1041,84.0225,180.09
6184,1.81238,3.29184,63.0152,97.6866
6186,0.952581,1.35259,53.404,53.375
6187,0,0,21.1492,50.9717
6189,0,0,169.975,471.099
6196,1.83922,3.66787,98.7048,192.467
6198,21.2628,58.9316,191.365,530.385
6199,2.05504,3.01409,53.7735,62.4494
6205,0,0,8.7147,22.2672
6209,0,0,37.8194,96.118
6215,0,0,65.3816,152.898
6235,0,0,37.2845,103.337
6237,0,0,13.4524,28.0857
6246,3.28835,6.65625,75.632,141.144
6247,0.784569,1.00308,43.0205,46.7702
6249,0,0,152.309,422.137
6250,0.421289,0.731606,43.8141,54.3205
6251,0.312998,0.654599,27.3873,53.9413
6255,0,0,12.7743,30.6665
6264,1.06926,1.34197,49.1857,45.154
6266,0,0,169.987,471.132
6269,0,0,21.1622,58.6528
6271,0.988139,2.0384,42.8193,89.3
6273,1.21475,2.64543,151.844,212.285
6274,0,0,89.5621,248.229
6280,0,0,64.948,106.196
6283,2.88267,4.30695,60.7162,63.9936
6284,1.20689,0.572446,53.4701,19.4501
6285,0.630134,1.74647,60.4928,167.661
6286,0,0,28.8321,74.2523
6288,5.86111,14.0765,99.6389,239.3
6296,0,0,85.4744,159.547
6297,0,0,108.13,245.438
6298,1.6493,2.00113,53.5474,57.6593
6302,0,0,13.4168,32.2972
6303,0.56488,0.885255,46.4614,51.1264
6305,0,0,223.748,620.135
6306,0,0,81.4052,225.621
6316,0,0,151.533,419.986
6319,2.37283,6.5765,199.318,552.426
6320,0,0,294.29,815.648
6323,0,0,163.082,337.859
6329,0,0,11.2158,21.1018
6332,1.73625,4.01731,86.8125,165.965
6343,0,0,53.7845,149.068
6357,0,0,41.6361,115.398
6358,3.97058,11.0048,186.617,517.224
6363,0,0,67.5366,187.183
6370,1.84888,4.11435,121.657,191.928
6379,1.70317,2.24772,56.886,63.5903
6380,0,0,20.0354,47.9607
6383,3.93134,10.2129,157.253,377.705
6385,1.71054,3.7342,81.4219,153.284
6402,1.44155,2.99814,99.1464,140.153
6411,0.300167,0.603341,30.617,50.6484
6421,0.310627,0.336789,21.998,21.5158
6422,1.21613,0.99814,62.2301,39.1731
6423,8.17402,22.655,261.569,724.959
6425,1.00249,2.77849,24.0598,66.6838
6434,0.835468,1.93634,56.8118,105.561
6445,0,0,11.791,26.5836
6448,11.3607,31.4871,153.37,425.076
6457,0,0,17.3355,36.2335
6461,1.43759,3.81172,66.1294,168.164
6463,0,0,223.758,620.164
6473,1.12871,0.870353,54.7424,30.9822
6475,6.54286,18.1341,229,634.693
6477,1.3821,2.26563,46.5768,68.3869
6478,0.369307,0.892957,54.2881,107.621
6479,0,0,158.96,315.429
6484,0.748029,0.986879,47.0012,60.524
6494,2.59844,5.41363,135.119,272.573
6500,0,0,144.36,400.104
6502,0.209429,0.517985,17.592,33.4936
6510,0,0,19.6756,50.5213
6512,0.88188,1.97678,14.8156,33.2098
6513,0.305551,0.656689,36.6661,46.529
6516,0.363231,0.808514,25.1537,36.3877
6521,0,0,75.8245,210.154
6529,0,0,61.6065,114.98
6532,0,0,80.1963,222.271
