EventID,0,42998.7,9809.84,306893,10.79
EventID,0,43001.4,9822.01,306796,13.39
EventID,0,43003.4,9831.44,306721,32.3
EventID,0,43028.1,9939.83,305859,32.3
EventID,0,43028.3,9940.81,305851,10.79
EventID,0,43035.9,9976.92,305556,13.39
EventID,0,43040.1,9995.92,305401,13.39
EventID,0,43058.2,10082.9,304701,16.05
EventID,0,43074.3,10160.1,304084,16.05
EventID,0,43092.2,10250.2,303362,16.05
EventID,0,43092.7,10252.9,303340,10.79
EventID,0,43095.8,10271,303192,13.39
EventID,0,43107.8,10338.4,302608,13.39
EventID,0,43110.6,10354.5,302471,32.3
EventID,0,43131.1,10480.8,301418,13.39
EventID,0,43146.5,10572.2,300666,10.79
EventID,0,43147.6,10578.9,300611,0
EventID,0,43152,10610.4,300359,0
EventID,0,43156.3,10644.8,300088,13.39
EventID,0,43155,10651.5,300022,13.39
EventID,0,43134.3,10767,298887,13.39
EventID,0,43127.7,10799.8,298565,10.79
EventID,0,43123.1,10821.9,298350,32.3
EventID,0,43122.2,10827.3,298299,10.79
EventID,0,43110.6,10900.9,297610,0
EventID,0,43110.5,10901,297610,0
EventID,0,43110.5,10901,297610,0
EventID,0,43110.5,10901,297610,10.79
EventID,0,43110.5,10901,297610,3.40379
EventID,0,43110.5,10901,297610,2.08251
EventID,0,43122.2,10827.3,298299,0
EventID,0,43122.3,10827.1,298299,0
EventID,0,43122.3,10827.1,298299,0
EventID,0,43122.2,10827.1,298299,0
EventID,0,43122.2,10827.1,298299,0
EventID,0,43121.8,10828,298299,0.061
EventID,0,43121.8,10828.6,298299,10.79
EventID,0,43121.8,10828.7,298299,0.092
EventID,0,43121.7,10828.9,298299,0
EventID,0,43121.7,10828.9,298299,0
EventID,0,43121.9,10828.3,298298,0
EventID,0,43121.9,10828.3,298298,0
EventID,0,43122.2,10828.1,298298,0
EventID,0,43122.2,10828,298298,0
EventID,0,43122.2,10827.8,298298,0
EventID,0,43122.1,10827.6,298299,0.061
EventID,0,43122.1,10827.5,298299,0
EventID,0,43122.1,10827.4,298299,0
EventID,0,43122.2,10827.2,298299,0
EventID,0,43122.2,10826.9,298299,0
EventID,0,43122.2,10826.8,298299,0
EventID,0,43122.2,10826.8,298299,0
EventID,0,43122.2,10826.7,298299,0
EventID,0,43121.7,10826.4,298299,0
EventID,0,43121,10826.5,298299,0
EventID,0,43120.8,10826.2,298299,0
EventID,0,43120.8,10826.7,298298,0
EventID,0,43120.4,10826.8,298298,0
EventID,0,43120.2,10826.8,298298,0
EventID,0,43120.2,10826.8,298298,0
EventID,0,43120.1,10826.7,298298,0.092
EventID,0,43120.1,10826.4,298298,0
EventID,0,43120.1,10826.4,298297,0
EventID,0,43119.4,10825.9,298296,0
EventID,0,43119.3,10825.9,298296,0
EventID,0,43119.3,10825.9,298296,0
EventID,0,43119.1,10825.7,298297,0
EventID,0,43119.2,10826,298297,0
EventID,0,43118.9,10825.9,298297,0
EventID,0,43118.7,10826.1,298297,0.092
EventID,0,43118.3,10826.2,298298,0.417
EventID,0,43118.2,10826.2,298298,0
EventID,0,43118.1,10826.2,298298,0
EventID,0,43118.1,10826.3,298298,0
EventID,0,43117.9,10826.3,298298,0
EventID,0,43117.9,10826.3,298298,0
EventID,0,43118,10826.2,298298,0
EventID,0,43117.8,10826.9,298298,0
EventID,0,43117.8,10827,298298,0
EventID,0,43117.8,10826.9,298299,0
EventID,0,43117.7,10826.9,298299,0
EventID,0,43117.4,10827,298299,0
EventID,0,43117.3,10827.1,298299,0
EventID,0,43117.2,10827,298299,0
EventID,0,43117.3,10827,298300,0
EventID,0,43117.3,10827,298300,0
EventID,0,43117.4,10826.9,298300,0
EventID,0,43117.3,10827,298300,0
EventID,0,43117.4,10827.1,298300,0.092
EventID,0,43117.4,10827.1,298300,0
EventID,0,43117.5,10827.1,298300,0
EventID,0,43118.5,10827,298300,0.835
EventID,0,43118.6,10827,298300,7.2153
EventID,0,43121.8,10828.7,298299,0.489359
EventID,0,43123.1,10821.9,298350,0
EventID,0,43123,10821.9,298350,0
EventID,0,43123,10822.5,298350,0
EventID,0,43122.9,10822.6,298350,10.79
EventID,0,43122.8,10822.6,298350,0.024
EventID,0,43122.7,10822.5,298349,0
EventID,0,43122.6,10822.5,298349,10.79
EventID,0,43122.6,10822.5,298349,0
EventID,0,43122.5,10822.4,298349,0
EventID,0,43122.5,10822.4,298349,0
EventID,0,43122.4,10822.1,298349,0
EventID,0,43123,10822.1,298348,0
EventID,0,43123.3,10821.9,298348,0
EventID,0,43123.5,10821.8,298348,0
EventID,0,43123.8,10821.5,298348,0
EventID,0,43124.4,10821.5,298348,0
EventID,0,43124.7,10821.2,298348,0
EventID,0,43125,10821.2,298348,0.024
EventID,0,43125.3,10821.2,298348,0
EventID,0,43125.3,10821.2,298348,10.79
EventID,0,43125.3,10821.3,298348,4.84933
EventID,0,43125.3,10821.3,298348,3.08739
EventID,0,43122.6,10822.5,298349,0
EventID,0,43122.6,10823.1,298349,0
EventID,0,43122.6,10823.2,298349,0
EventID,0,43122.6,10823.2,298349,0
EventID,0,43122.4,10823.1,298349,0
EventID,0,43122.2,10823.1,298349,0
EventID,0,43122.3,10822.9,298349,0
EventID,0,43122.3,10822.9,298349,0
EventID,0,43122.3,10822.9,298349,0
EventID,0,43122.3,10822.8,298349,0
EventID,0,43122.6,10822.7,298349,0
EventID,0,43122.6,10822.7,298349,0
EventID,0,43123,10822.8,298350,0
EventID,0,43122.6,10823,298350,0
EventID,0,43122.6,10823,298349,0
EventID,0,43122.7,10823.1,298349,0
EventID,0,43122.9,10823.1,298349,0
EventID,0,43122.9,10823.1,298349,0
EventID,0,43122.9,10823.1,298349,0
EventID,0,43123,10823.1,298349,0
EventID,0,43123,10822.9,298349,0
EventID,0,43123,10822.8,298349,0
EventID,0,43123,10822.9,298349,0.092
EventID,0,43123,10822.9,298349,0
EventID,0,43123.2,10822.9,298349,0
EventID,0,43123.3,10823.1,298349,0
EventID,0,43123.3,10823.1,298349,0
EventID,0,43123.2,10823.1,298349,0
EventID,0,43123.2,10823.1,298349,0
EventID,0,43123.3,10823.2,298349,0
EventID,0,43123.2,10823.3,298349,0
EventID,0,43123.4,10823.3,298349,0
EventID,0,43123.5,10823.4,298349,0
EventID,0,43123.8,10823.6,298349,0.024
EventID,0,43123.9,10823.6,298349,0
EventID,0,43124.1,10823.6,298349,0
EventID,0,43124.2,10823.5,298349,0
EventID,0,43124.2,10823.5,298349,0
EventID,0,43124.2,10823.5,298349,0.024
EventID,0,43124.3,10823.5,298349,0.092
EventID,0,43124.4,10823.5,298348,0
EventID,0,43124.4,10823.5,298348,0
EventID,0,43124.2,10823.7,298349,0
EventID,0,43124.1,10823.5,298349,0
EventID,0,43124,10823.5,298349,0
EventID,0,43124.2,10823.5,298348,0
EventID,0,43124.2,10823.5,298349,0
EventID,0,43124.2,10823.4,298349,0
EventID,0,43124.2,10823.1,298348,0
EventID,0,43124.2,10823.1,298348,0
EventID,0,43124.1,10823.2,298348,0
EventID,0,43124.1,10823.2,298348,0
EventID,0,43123.9,10822.9,298348,0
EventID,0,43123.9,10822.9,298348,0
EventID,0,43123.9,10822.9,298348,0
EventID,0,43123.8,10823,298348,0
EventID,0,43123.8,10823,298348,0
EventID,0,43123.9,10823,298348,0
EventID,0,43124.1,10823.1,298348,0
EventID,0,43124.2,10823.1,298348,0
EventID,0,43124.2,10823.1,298348,0
EventID,0,43123.8,10822.8,298348,0
EventID,0,43123.5,10822.7,298348,0
EventID,0,43123.4,10822.7,298348,0
EventID,0,43123.4,10822.6,298348,0
EventID,0,43123.2,10822.4,298348,0
EventID,0,43123.2,10822.5,298348,0
EventID,0,43123.5,10822.6,298348,0
EventID,0,43124,10822.7,298348,0
EventID,0,43124.1,10822.7,298348,0
EventID,0,43124.2,10822.7,298348,0
EventID,0,43124.2,10822.7,298348,0
EventID,0,43124.2,10822.6,298348,0
EventID,0,43124.3,10822.5,298348,0
EventID,0,43124.4,10822.4,298348,0
EventID,0,43124.4,10822.4,298348,0
EventID,0,43124.3,10822.9,298348,0
EventID,0,43124.2,10822.9,298348,0.092
EventID,0,43124,10822.7,298348,0
EventID,0,43123.9,10822.6,298348,0
EventID,0,43123.5,10822.5,298348,0
EventID,0,43123.3,10822.6,298348,0
EventID,0,43123.3,10822.6,298348,0
EventID,0,43123.3,10822.8,298348,0
EventID,0,43123.3,10822.7,298348,0
EventID,0,43123.1,10822.5,298348,0
EventID,0,43123,10822.5,298348,0
EventID,0,43123.1,10822.5,298348,0
EventID,0,43123.1,10822.5,298348,0
EventID,0,43123.5,10822.4,298349,0
EventID,0,43123.4,10822,298349,0
EventID,0,43123.4,10822,298349,0
EventID,0,43123.3,10821.8,298349,0
EventID,0,43123.4,10821.7,298349,0
EventID,0,43123.4,10821.6,298349,0
EventID,0,43123.3,10821.5,298349,0
EventID,0,43123.1,10821.3,298349,0
EventID,0,43123,10821.2,298349,0
EventID,0,43122.9,10821.1,298348,0
EventID,0,43122.9,10820.8,298348,0
EventID,0,43122.9,10820.8,298348,0
EventID,0,43122.8,10820.9,298348,0
EventID,0,43122.8,10820.9,298348,0
EventID,0,43123,10820.8,298348,0.092
EventID,0,43123.1,10820.8,298348,0
EventID,0,43123.1,10820.8,298348,0
EventID,0,43123.1,10820.7,298348,0
EventID,0,43123.1,10820.7,298348,0
EventID,0,43123.1,10820.7,298348,0
EventID,0,43123,10820.5,298348,0
EventID,0,43122.9,10820.5,298348,0
EventID,0,43122.8,10820.5,298348,0
EventID,0,43122.2,10820.5,298347,0
EventID,0,43122.1,10820.3,298347,0
EventID,0,43122.1,10820.3,298347,0
EventID,0,43122.1,10820.2,298347,0
EventID,0,43122.1,10820.2,298347,0
EventID,0,43122.2,10820.2,298348,0
EventID,0,43122.2,10820.4,298348,0
EventID,0,43122,10820.4,298348,0
EventID,0,43122.1,10820.5,298348,0
EventID,0,43122.1,10820.7,298348,0
EventID,0,43121.8,10820.7,298348,0
EventID,0,43121.6,10820.9,298348,0
EventID,0,43121.7,10820.8,298348,0
EventID,0,43121.7,10820.8,298348,0
EventID,0,43121.7,10820.8,298348,0
EventID,0,43121.8,10820.8,298348,0
EventID,0,43121.8,10820.8,298348,0
EventID,0,43121.9,10820.8,298348,0
EventID,0,43122.3,10821,298348,0
EventID,0,43122.6,10821.3,298348,0
EventID,0,43122.6,10821.4,298348,0.061
EventID,0,43123.1,10821.6,298348,0
EventID,0,43123.1,10821.7,298348,0.092
EventID,0,43123,10822.2,298348,0
EventID,0,43123,10822.4,298348,0.061
EventID,0,43122.7,10822.4,298348,0
EventID,0,43122.5,10822.4,298347,0
EventID,0,43122.6,10822.4,298347,0.092
EventID,0,43122.6,10822.5,298347,0
EventID,0,43122.6,10822.5,298347,0
EventID,0,43122.8,10822.7,298348,0
EventID,0,43122.8,10822.7,298348,0
EventID,0,43122.6,10822.8,298348,0
EventID,0,43122.5,10823,298348,0
EventID,0,43122.5,10823,298348,0
EventID,0,43122.4,10823.1,298348,0
EventID,0,43122.4,10823.2,298348,0
EventID,0,43122.4,10823.2,298348,0
EventID,0,43122.4,10823.3,298348,0
EventID,0,43122.4,10823.4,298348,0
EventID,0,43122.4,10823.4,298348,0
EventID,0,43122.5,10823.8,298348,0.024
EventID,0,43122.3,10823.7,298348,0
EventID,0,43122.1,10823.6,298348,0
EventID,0,43122.2,10823.7,298348,0
EventID,0,43122.3,10824.2,298348,0
EventID,0,43122.3,10824.4,298348,0
EventID,0,43122.3,10824.4,298348,0
EventID,0,43122.3,10824.4,298348,0
EventID,0,43122.3,10824.4,298348,0
EventID,0,43122.3,10824.3,298348,0
EventID,0,43122.2,10824.1,298348,0
EventID,0,43122.2,10824,298348,0
EventID,0,43122,10823.9,298348,0
EventID,0,43122,10823.9,298348,0.092
EventID,0,43121.6,10824,298348,0
EventID,0,43121.6,10824.1,298348,0.5
EventID,0,43121.8,10823.8,298348,0.092
EventID,0,43122.2,10823.4,298348,0
EventID,0,43122.2,10823.3,298348,0
EventID,0,43122.3,10823.2,298348,0
EventID,0,43122.3,10823.1,298348,0
EventID,0,43122.4,10823.1,298349,0
EventID,0,43122.3,10823,298349,0
EventID,0,43121.7,10823.2,298349,0
EventID,0,43121.2,10823.4,298349,0
EventID,0,43121.3,10823.5,298349,0
EventID,0,43121.4,10823.7,298350,0
EventID,0,43121.3,10823.7,298350,0
EventID,0,43121.3,10823.6,298350,0
EventID,0,43121.3,10823.6,298350,0
EventID,0,43121.3,10823.5,298350,0
EventID,0,43121.2,10823.5,298350,0
EventID,0,43121.4,10823.5,298350,0
EventID,0,43121.6,10823.5,298350,0
EventID,0,43121.7,10823.5,298350,0.417
EventID,0,43121.7,10823.5,298350,0
EventID,0,43122.1,10823.6,298351,0.417
EventID,0,43122.3,10823.8,298351,0
EventID,0,43122.3,10823.9,298351,0
EventID,0,43122.3,10824,298351,0
EventID,0,43122.3,10824,298351,0
EventID,0,43122.2,10824.1,298351,0
EventID,0,43122.1,10824.3,298351,0
EventID,0,43122.1,10824.2,298351,0
EventID,0,43122.1,10824.2,298351,0
EventID,0,43122.1,10823.9,298351,0
EventID,0,43122.1,10823.9,298351,0
EventID,0,43122.2,10823.8,298351,0
EventID,0,43122.7,10823.9,298351,0
EventID,0,43122.4,10823.7,298351,0
EventID,0,43122.2,10823.5,298351,0.092
EventID,0,43122.2,10823.5,298351,0.092
EventID,0,43122,10823.5,298351,0
EventID,0,43121.6,10823.6,298351,0
EventID,0,43121.6,10823.5,298351,0
EventID,0,43121.7,10823.4,298351,0
EventID,0,43121.7,10823.3,298351,0
EventID,0,43121.6,10823.4,298351,0.417
EventID,0,43121.7,10823.4,298351,0
EventID,0,43121.7,10823.3,298351,0.092
EventID,0,43121.8,10823.3,298351,0
EventID,0,43122.3,10823.3,298350,0
EventID,0,43122.3,10823.4,298350,0
EventID,0,43122.3,10823.4,298350,0
EventID,0,43122.3,10823.4,298350,0
EventID,0,43122.3,10823.4,298350,0
EventID,0,43122.4,10823.4,298350,0
EventID,0,43122.4,10823.5,298350,0
EventID,0,43122.4,10824.1,298350,0
EventID,0,43122.4,10824.1,298350,0
EventID,0,43122.4,10824.1,298350,0
EventID,0,43122.4,10824.1,298350,0.092
EventID,0,43122.5,10824.1,298350,7.38277
EventID,0,43122.8,10822.6,298350,0
EventID,0,43122.8,10822.6,298350,0
EventID,0,43122.5,10822.6,298350,0
EventID,0,43122.4,10822.5,298350,0
EventID,0,43122.3,10822.1,298350,0
EventID,0,43122.3,10822,298350,0.204
EventID,0,43122.4,10822.1,298350,0
EventID,0,43122.6,10822.2,298350,0
EventID,0,43122.7,10822.2,298350,0
EventID,0,43122.7,10822.1,298350,0
EventID,0,43122.8,10821.9,298350,0.061
EventID,0,43122.9,10822.1,298350,0
EventID,0,43123,10822.2,298350,0
EventID,0,43123,10822.1,298349,0
EventID,0,43122.9,10822,298349,0
EventID,0,43122.8,10821.9,298349,0
EventID,0,43122.8,10821.9,298349,0
EventID,0,43122.8,10821.7,298349,0
EventID,0,43122.6,10821.7,298350,0.204
EventID,0,43122.4,10821.7,298350,0
EventID,0,43122.3,10821.7,298350,0
EventID,0,43122.1,10821.6,298350,0
EventID,0,43122.1,10821.6,298350,0.024
EventID,0,43122,10821.6,298350,0
EventID,0,43122,10821.7,298350,0
EventID,0,43121.8,10821.5,298350,0
EventID,0,43121.7,10821.6,298350,0.417
EventID,0,43121.6,10821.6,298350,0
EventID,0,43121.4,10821.8,298350,0
EventID,0,43121.4,10821.8,298350,0
EventID,0,43121.2,10821.6,298350,0
EventID,0,43121.2,10821.6,298350,0
EventID,0,43121.2,10821.6,298350,0
EventID,0,43121.2,10821.7,298350,0
EventID,0,43121.2,10821.6,298350,0
EventID,0,43121.2,10821.6,298349,0
EventID,0,43121.2,10821.6,298349,0
EventID,0,43121.3,10821.6,298349,0
EventID,0,43121.4,10822,298349,0
EventID,0,43121.5,10821.9,298349,0
EventID,0,43121.5,10821.9,298349,0
EventID,0,43121.5,10821.9,298350,0
EventID,0,43121.5,10821.8,298350,0
EventID,0,43121.7,10822.2,298349,0.024
EventID,0,43121.6,10822.4,298349,0
EventID,0,43121.6,10822.5,298349,0
EventID,0,43121.5,10822.5,298349,0
EventID,0,43121.5,10822.5,298349,0
EventID,0,43121.5,10822.4,298349,0
EventID,0,43121.4,10822.5,298350,0
EventID,0,43121.3,10822.5,298350,0
EventID,0,43121.2,10822.5,298350,0
EventID,0,43121.1,10822.4,298350,0
EventID,0,43121,10822.5,298350,0
EventID,0,43120.9,10822.4,298350,0
EventID,0,43120.8,10822.4,298350,0
EventID,0,43120.9,10822.6,298349,0
EventID,0,43120.9,10822.6,298349,0
EventID,0,43120.9,10822.7,298349,0
EventID,0,43120.9,10822.7,298349,0
EventID,0,43121.1,10822.6,298349,0.417
EventID,0,43121.1,10822.7,298349,0
EventID,0,43121.1,10823,298349,0
EventID,0,43121.7,10823.1,298348,0
EventID,0,43121.7,10823,298348,0
EventID,0,43122.1,10823.6,298348,0
EventID,0,43122,10823.5,298348,0
EventID,0,43122,10823.4,298348,0.417
EventID,0,43122,10823.4,298348,0
EventID,0,43121.7,10823.4,298347,0
EventID,0,43121.8,10823.4,298347,0
EventID,0,43121.6,10823.3,298347,0
EventID,0,43121.5,10823.3,298347,0
EventID,0,43121.4,10823,298347,0
EventID,0,43121.4,10823,298347,0
EventID,0,43121.4,10822.7,298347,0
EventID,0,43121.4,10822.7,298347,0
EventID,0,43121.2,10822.5,298347,0.417
EventID,0,43121.2,10822.5,298347,0
EventID,0,43121.2,10822.6,298347,0.417
EventID,0,43121.3,10822.8,298346,0
EventID,0,43121.3,10822.8,298346,0
EventID,0,43121.6,10822.7,298346,0
EventID,0,43121.4,10822.9,298346,0
EventID,0,43121.4,10823.1,298346,0.024
EventID,0,43121.4,10822.9,298346,0
EventID,0,43121.4,10822.7,298346,0.417
EventID,0,43121.4,10822.7,298346,0
EventID,0,43121.2,10822.5,298346,0
EventID,0,43121.2,10822.3,298347,0
EventID,0,43121.2,10822.2,298347,0
EventID,0,43121.6,10822.1,298347,0
EventID,0,43121.7,10822.1,298347,0
EventID,0,43121.7,10822.1,298347,0
EventID,0,43121.7,10822.1,298347,0.417
EventID,0,43121.7,10822.1,298347,0
EventID,0,43121.7,10822.1,298347,0
EventID,0,43121.7,10822.1,298347,0
EventID,0,43121.7,10822.2,298347,0
EventID,0,43121.6,10822.1,298348,0
EventID,0,43121.6,10822.1,298348,0
EventID,0,43121.6,10822.1,298348,0
EventID,0,43121.9,10822,298348,0
EventID,0,43122.3,10821.5,298348,0
EventID,0,43122.4,10821.4,298348,0
EventID,0,43122.1,10821.5,298348,0
EventID,0,43122,10821.7,298348,0
EventID,0,43122,10821.7,298348,0
EventID,0,43122,10821.8,298348,0.092
EventID,0,43121.9,10821.6,298348,0
EventID,0,43121.8,10821.6,298348,0
EventID,0,43121.6,10821.6,298348,0
EventID,0,43121.5,10821.7,298348,0
EventID,0,43121.3,10821.5,298348,0
EventID,0,43121.3,10821.5,298348,0
EventID,0,43121.2,10821.4,298348,0
EventID,0,43121.2,10821.4,298348,0
EventID,0,43121.2,10821.6,298348,0
EventID,0,43121.2,10821.6,298348,0
EventID,0,43121.3,10822,298348,0
EventID,0,43121.4,10822.4,298348,0
EventID,0,43121.7,10822.3,298349,0
EventID,0,43122,10822.4,298349,0
EventID,0,43122,10822.3,298349,0
EventID,0,43122.1,10822.3,298349,0
EventID,0,43122.1,10822.4,298349,0
EventID,0,43122.2,10822.3,298349,0
EventID,0,43122.2,10822.3,298349,0.092
EventID,0,43122.2,10822.4,298349,0
EventID,0,43122.2,10822.5,298349,0
EventID,0,43122.2,10822.6,298348,0.092
EventID,0,43121.9,10822.4,298348,0
EventID,0,43121.8,10822.4,298348,0
EventID,0,43121.9,10822.2,298348,0
EventID,0,43121.9,10822.1,298348,0
EventID,0,43121.7,10822.1,298348,0
EventID,0,43121.7,10822.1,298348,0
EventID,0,43121.9,10822,298348,0
EventID,0,43122,10821.9,298348,0
EventID,0,43122,10821.9,298348,0
EventID,0,43122.1,10821.9,298348,0
EventID,0,43122,10821.9,298348,0
EventID,0,43122,10821.9,298348,0
EventID,0,43122,10821.9,298348,0
EventID,0,43122,10821.8,298348,0
EventID,0,43122.1,10821.9,298348,0
EventID,0,43122.1,10822.1,298348,0
EventID,0,43122.1,10822.1,298348,0
EventID,0,43121.9,10822,298348,0
EventID,0,43121.7,10821.9,298348,0
EventID,0,43121.7,10821.8,298349,0
EventID,0,43121.4,10821.6,298349,0
EventID,0,43121.2,10821.8,298348,0.204
EventID,0,43120.9,10822.1,298348,0
EventID,0,43120.7,10822.3,298348,0
EventID,0,43120.7,10822.3,298347,0
EventID,0,43120.7,10822.3,298347,0
EventID,0,43120.8,10822.4,298347,0
EventID,0,43120.7,10822.4,298347,0
EventID,0,43120.8,10822.4,298347,0
EventID,0,43120.9,10822.4,298347,0
EventID,0,43121.9,10822.3,298347,0
EventID,0,43121.9,10822.3,298347,0
EventID,0,43121.7,10822.3,298347,0
EventID,0,43121.5,10822.4,298347,0
EventID,0,43121.5,10822.4,298347,0
EventID,0,43121.5,10822.4,298347,0
EventID,0,43121.5,10822.6,298347,0
EventID,0,43121.2,10823,298347,0
EventID,0,43121,10823.3,298346,0.092
EventID,0,43120.7,10823.4,298346,0
EventID,0,43120.3,10823.6,298346,0
EventID,0,43120.4,10823.5,298346,0
EventID,0,43120.4,10823.5,298346,0
EventID,0,43120.6,10823.3,298346,0
EventID,0,43120.6,10823.3,298346,0
EventID,0,43120.8,10823.2,298347,0
EventID,0,43120.8,10823.1,298347,0
EventID,0,43120.7,10822.9,298347,0
EventID,0,43120.7,10822.9,298347,0
EventID,0,43120.8,10822.4,298347,0
EventID,0,43120.8,10822.3,298347,0
EventID,0,43121,10822.1,298347,0
EventID,0,43120.7,10821.9,298346,0.092
EventID,0,43120.7,10821.7,298346,0
EventID,0,43120.8,10821.5,298346,0.46
EventID,0,43120.7,10821.5,298346,0
EventID,0,43120.5,10821.4,298346,0
EventID,0,43120.6,10821.4,298346,0
EventID,0,43120.7,10821.4,298346,0
EventID,0,43120.7,10821.4,298346,0
EventID,0,43120.7,10821.4,298346,0
EventID,0,43120.7,10821.4,298346,0
EventID,0,43120.6,10821.6,298346,0
EventID,0,43120.6,10821.7,298346,0
EventID,0,43120.5,10821.7,298346,0
EventID,0,43120.6,10821.7,298346,0.024
EventID,0,43121.1,10821.7,298345,0
EventID,0,43121.4,10821.6,298345,0
EventID,0,43121.1,10821.8,298346,0
EventID,0,43120.7,10822.5,298346,0
EventID,0,43120.7,10822.4,298346,0.092
EventID,0,43120.7,10822.3,298346,0
EventID,0,43120.8,10822,298345,0
EventID,0,43120.7,10821.9,298345,0
EventID,0,43120.7,10821.9,298345,0
EventID,0,43120.7,10821.8,298345,0
EventID,0,43120.5,10821.7,298345,0
EventID,0,43120.3,10822,298346,0
EventID,0,43120.3,10821.9,298346,0
EventID,0,43120.3,10821.6,298346,0
EventID,0,43120.3,10821.6,298346,0
EventID,0,43120.3,10821.5,298346,0
EventID,0,43120.3,10821.5,298346,0
EventID,0,43120.3,10821.4,298346,0.061
EventID,0,43120.3,10821.3,298346,0
EventID,0,43120.3,10821.3,298346,0
EventID,0,43120.4,10821.1,298346,0
EventID,0,43120.4,10821,298346,0
EventID,0,43120.6,10820.7,298346,0.835
EventID,0,43120.5,10820.9,298346,0
EventID,0,43120.5,10821,298346,0
EventID,0,43120.4,10820.9,298346,0
EventID,0,43120.4,10821.1,298346,0
EventID,0,43120.4,10821.1,298346,0
EventID,0,43120.4,10821.2,298346,0
EventID,0,43120.6,10821.3,298346,0
EventID,0,43120.6,10821.3,298346,0
EventID,0,43121,10821.4,298346,0
EventID,0,43121.1,10821.4,298346,0
EventID,0,43121,10821.4,298346,0.092
EventID,0,43121.1,10821.5,298346,0
EventID,0,43121.2,10821.5,298346,0
EventID,0,43121.3,10821.4,298346,0
EventID,0,43121.6,10821,298346,0
EventID,0,43121.7,10821,298346,0
EventID,0,43121.8,10821,298346,0
EventID,0,43121.8,10821.1,298346,0.092
EventID,0,43121.3,10820.7,298346,0
EventID,0,43121.1,10820.7,298346,0
EventID,0,43121,10820.7,298346,0
EventID,0,43120.9,10820.8,298346,0
EventID,0,43121.2,10820.8,298346,0
EventID,0,43121.2,10820.9,298345,0
EventID,0,43121.2,10821,298345,0
EventID,0,43121.6,10821.1,298345,0
EventID,0,43120.1,10821.6,298345,0
EventID,0,43120.1,10821.7,298346,0
EventID,0,43120.3,10821.5,298345,0
EventID,0,43120.3,10821.5,298345,0
EventID,0,43120.2,10821.6,298345,0.024
EventID,0,43120.2,10821.6,298345,0
EventID,0,43119.8,10821.6,298345,0
EventID,0,43119.8,10821.6,298346,0
EventID,0,43119.8,10821.6,298346,0
EventID,0,43119.8,10821.5,298346,0
EventID,0,43119.9,10821.6,298346,0
EventID,0,43119.9,10821.7,298346,0
EventID,0,43119.9,10821.6,298346,0
EventID,0,43119.9,10821.5,298346,0.092
EventID,0,43119.9,10821.5,298346,0
EventID,0,43119.7,10821.4,298347,0
EventID,0,43119.5,10821.4,298347,0
EventID,0,43119.5,10821.5,298347,0
EventID,0,43119.4,10821.5,298347,0.092
EventID,0,43119.4,10821.5,298347,0
EventID,0,43119.1,10821.5,298346,0
EventID,0,43119.1,10821.3,298346,0
EventID,0,43118.8,10821.3,298346,0
EventID,0,43118.7,10821.1,298347,0
EventID,0,43118.5,10821,298347,0
EventID,0,43118.5,10820.9,298347,0
EventID,0,43118.6,10820.8,298347,0
EventID,0,43118.7,10820.7,298346,0.092
EventID,0,43118.9,10820.4,298346,0
EventID,0,43119,10820,298346,0.061
EventID,0,43119,10820,298346,0.417
EventID,0,43119.1,10819.7,298346,0
EventID,0,43119.2,10819.5,298346,0.417
EventID,0,43119.2,10819.5,298346,7.05172
EventID,0,43127.7,10799.8,298565,0
EventID,0,43127.8,10799.8,298565,0
EventID,0,43127.9,10799.8,298565,0
EventID,0,43127.8,10800.4,298565,0
EventID,0,43127.8,10800.5,298565,0
EventID,0,43127.7,10800.6,298565,0
EventID,0,43127.7,10800.7,298565,0.061
EventID,0,43127.7,10800.7,298565,0
EventID,0,43127.8,10800.7,298564,0
EventID,0,43127.8,10800.7,298564,0
EventID,0,43127.9,10800.7,298564,0
EventID,0,43128.5,10801.4,298564,0
EventID,0,43128.5,10801.4,298564,0
EventID,0,43128.5,10801.4,298564,0
EventID,0,43128.7,10800.9,298564,0
EventID,0,43128.6,10800.9,298564,0
EventID,0,43129,10800.8,298564,0
EventID,0,43129.1,10800.8,298564,0
EventID,0,43128.8,10800.8,298564,0
EventID,0,43128.8,10800.9,298564,0
EventID,0,43128.6,10801.1,298564,0.061
EventID,0,43128.6,10801.4,298564,0
EventID,0,43128.6,10801.5,298564,0
EventID,0,43128.8,10801.5,298564,0
EventID,0,43129.1,10801.9,298564,0
EventID,0,43129.2,10802,298564,0
EventID,0,43129.1,10801.9,298564,0
EventID,0,43129.1,10801.9,298564,0
EventID,0,43128.9,10802,298564,0
EventID,0,43128.8,10802,298564,0
EventID,0,43128.8,10802.1,298564,0
EventID,0,43128.8,10802.1,298564,0
EventID,0,43129,10802.1,298563,0
EventID,0,43129.4,10801.9,298564,0
EventID,0,43129.5,10801.8,298564,0.061
EventID,0,43129.4,10801.9,298564,0
EventID,0,43128.9,10802.3,298564,0
EventID,0,43128.9,10802.3,298564,0
EventID,0,43129,10802.3,298564,0.204
EventID,0,43128.9,10802.3,298564,0
EventID,0,43128.6,10802.3,298564,0
EventID,0,43128.6,10802.3,298564,0
EventID,0,43128.6,10802.3,298564,0
EventID,0,43128.6,10802.3,298564,0.092
EventID,0,43127.9,10802.2,298563,0
EventID,0,43127.7,10802.2,298563,0
EventID,0,43127.7,10802.2,298563,0
EventID,0,43127.8,10802.4,298563,0
EventID,0,43127.8,10802.4,298563,0
EventID,0,43127.8,10802.4,298563,0
EventID,0,43127.8,10802.3,298563,0
EventID,0,43127.8,10802.3,298563,0
EventID,0,43127.7,10802.2,298563,0.092
EventID,0,43127.9,10802.6,298562,0
EventID,0,43127.9,10802.6,298562,0
EventID,0,43127.8,10802.7,298562,0
EventID,0,43127.9,10802.7,298562,0
EventID,0,43128,10802.8,298562,0
EventID,0,43128.1,10802.8,298562,0
EventID,0,43128,10803.6,298562,0
EventID,0,43128,10803.7,298562,0
EventID,0,43127.6,10804.7,298562,0
EventID,0,43127.6,10804.9,298562,0
EventID,0,43127.7,10804.9,298562,0
EventID,0,43127.8,10804.9,298562,0
EventID,0,43127.6,10804.7,298562,0
EventID,0,43127.5,10804.7,298562,0
EventID,0,43127.7,10804.6,298562,0
EventID,0,43127.7,10804.6,298562,0
EventID,0,43127.8,10804.8,298561,0
EventID,0,43127.5,10804.9,298561,0
EventID,0,43127.5,10805,298561,0.024
EventID,0,43127.5,10805.2,298561,0
EventID,0,43127.5,10805.5,298561,0
EventID,0,43127.5,10805.3,298561,0
EventID,0,43127.6,10805.3,298561,0
EventID,0,43127.6,10805.3,298561,0
EventID,0,43127.5,10805.3,298561,0
EventID,0,43127.5,10805.3,298561,0
EventID,0,43127.5,10805.3,298561,0
EventID,0,43127.3,10805.2,298561,0
EventID,0,43127.1,10804.9,298561,0
EventID,0,43127,10804.9,298562,0
EventID,0,43127,10804.9,298562,0
EventID,0,43127,10805,298562,0
EventID,0,43127,10805,298562,0
EventID,0,43127.1,10804.9,298562,0
EventID,0,43126.8,10804.2,298561,0
EventID,0,43126.9,10804.2,298561,0
EventID,0,43126.8,10804,298561,0
EventID,0,43126.8,10803.6,298561,0
EventID,0,43126.9,10803.6,298561,0
EventID,0,43126.9,10803.6,298561,0
EventID,0,43126.9,10803.6,298561,0
EventID,0,43126.9,10803.6,298561,0
EventID,0,43126.8,10803.6,298561,0
EventID,0,43126.7,10803.7,298562,0
EventID,0,43126.7,10803.7,298562,0
EventID,0,43126.7,10803.7,298562,0
EventID,0,43126.7,10803.7,298562,0
EventID,0,43126.6,10803.7,298562,0
EventID,0,43126.7,10803.8,298562,0
EventID,0,43126.7,10803.8,298562,0
EventID,0,43126.7,10803.8,298562,0
EventID,0,43126.5,10804,298561,0
EventID,0,43126.5,10804.1,298561,0
EventID,0,43126.6,10804.1,298562,0
EventID,0,43127,10804,298562,0
EventID,0,43127.2,10804,298562,0
EventID,0,43127.2,10804,298562,0
EventID,0,43127.2,10803.9,298562,0
EventID,0,43127,10803.9,298562,0
EventID,0,43127,10803.9,298562,0.092
EventID,0,43127.1,10803.7,298562,0
EventID,0,43127.1,10803.6,298562,0
EventID,0,43127,10803.9,298562,0
EventID,0,43126.5,10804,298562,0
EventID,0,43126.5,10804,298562,0
EventID,0,43126.5,10803.9,298562,0
EventID,0,43126.2,10803.3,298563,0
EventID,0,43126.3,10803.6,298563,0
EventID,0,43126.3,10803.6,298563,0
EventID,0,43126.6,10803.2,298563,0.092
EventID,0,43126.1,10802.9,298562,0
EventID,0,43126.1,10802.9,298562,0
EventID,0,43125.9,10802.8,298562,0
EventID,0,43125.9,10802.8,298562,0
EventID,0,43126,10803.4,298562,0
EventID,0,43125.9,10803.2,298562,0.024
EventID,0,43125.9,10803.2,298562,0
EventID,0,43125.7,10803.2,298562,0
EventID,0,43125.8,10803.2,298562,0
EventID,0,43125.8,10803.1,298562,0.092
EventID,0,43125.9,10803.1,298562,0
EventID,0,43126,10803.2,298562,0
EventID,0,43126.1,10803.2,298562,0
EventID,0,43126.2,10803.4,298562,0
EventID,0,43126.1,10803.5,298563,0
EventID,0,43126.1,10803.5,298563,0
EventID,0,43126.2,10803.4,298563,0
EventID,0,43126.3,10803.4,298563,0
EventID,0,43126.1,10803.6,298563,0
EventID,0,43126,10803.6,298563,0
EventID,0,43126.3,10803.3,298563,0
EventID,0,43126.9,10803.5,298563,0
EventID,0,43127.1,10803.5,298563,0
EventID,0,43127.4,10803.2,298563,0
EventID,0,43127.3,10803.3,298563,0
EventID,0,43126.7,10804.1,298563,0
EventID,0,43126.8,10804,298563,0
EventID,0,43127,10804.1,298563,0
EventID,0,43127.1,10804,298562,0
EventID,0,43127.2,10803.9,298562,0
EventID,0,43127.3,10803.7,298562,0
EventID,0,43127.4,10803.5,298562,0.092
EventID,0,43127.4,10803.4,298562,0
EventID,0,43127.4,10803.4,298562,0
EventID,0,43127.4,10803.3,298562,0
EventID,0,43127.4,10803.2,298562,0
EventID,0,43126.8,10803.6,298562,0
EventID,0,43126.8,10803.5,298562,0
EventID,0,43126.6,10803.4,298561,0
EventID,0,43126.6,10803.4,298561,0
EventID,0,43126.5,10803.4,298561,0
EventID,0,43126.5,10803.4,298561,0.417
EventID,0,43126.6,10803.4,298561,0
EventID,0,43126.7,10803.3,298561,0
EventID,0,43126.7,10803.4,298561,0
EventID,0,43126.7,10803.3,298561,0
EventID,0,43126.7,10803.3,298561,0
EventID,0,43126.6,10803.3,298561,0.024
EventID,0,43126.3,10802.7,298560,0
EventID,0,43126.2,10802.6,298560,0
EventID,0,43126.1,10802.6,298560,0
EventID,0,43125.8,10802.2,298561,0
EventID,0,43125.8,10802.1,298560,0
EventID,0,43125.9,10801.6,298560,0
EventID,0,43126,10800.9,298561,0
EventID,0,43126,10800.8,298561,0
EventID,0,43126,10800.9,298561,0
EventID,0,43126,10800.9,298561,0.061
EventID,0,43126,10801,298561,0
EventID,0,43126,10801,298561,0
EventID,0,43125.8,10801.1,298561,0
EventID,0,43125.7,10801.4,298561,0
EventID,0,43125.6,10801.4,298561,0
EventID,0,43125.7,10801.4,298561,0
EventID,0,43125.8,10801.4,298561,0
EventID,0,43125.8,10801.2,298561,0
EventID,0,43125.7,10801.2,298561,0
EventID,0,43125.7,10801.1,298561,0
EventID,0,43125.5,10801,298560,0.092
EventID,0,43125.5,10801.1,298560,0
EventID,0,43125.6,10801.2,298560,0
EventID,0,43125.6,10801.3,298560,0
EventID,0,43125.7,10801.3,298560,0
EventID,0,43125.5,10801.5,298560,0
EventID,0,43125.6,10801.4,298559,0
EventID,0,43125.8,10801.5,298559,0
EventID,0,43125.8,10801.5,298559,0
EventID,0,43125.9,10801.3,298559,0
EventID,0,43125.9,10801.3,298559,0.417
EventID,0,43126.5,10801,298559,0
EventID,0,43126.5,10801,298559,0
EventID,0,43126.6,10801.1,298559,0
EventID,0,43126.7,10801.1,298558,0
EventID,0,43126.7,10801.1,298558,0.092
EventID,0,43126.7,10801.1,298558,0
EventID,0,43126.7,10801.2,298558,0
EventID,0,43126.6,10801.1,298558,0
EventID,0,43126.5,10801.1,298558,0
EventID,0,43126.3,10801.5,298559,0
EventID,0,43126.3,10801.6,298559,0
EventID,0,43126.4,10801.6,298559,0
EventID,0,43126.3,10801.6,298559,0
EventID,0,43126.3,10801.6,298559,0
EventID,0,43126.3,10801.7,298559,0
EventID,0,43126.3,10801.9,298559,0.092
EventID,0,43126.3,10802,298559,0
EventID,0,43126.3,10802,298559,0
EventID,0,43126.3,10802,298559,0
EventID,0,43126.4,10802.2,298559,0
EventID,0,43126.4,10802.3,298559,0
EventID,0,43126.4,10802.3,298559,0.061
EventID,0,43126.5,10802.4,298559,0
EventID,0,43126.7,10802.5,298559,0.417
EventID,0,43126.8,10802.7,298559,0
EventID,0,43126.9,10802.8,298559,0
EventID,0,43126.8,10802.7,298559,0.5
EventID,0,43126.7,10802.7,298559,0.417
EventID,0,43126.7,10802.8,298559,0
EventID,0,43126.6,10802.8,298559,0
EventID,0,43126.3,10802.9,298560,0
EventID,0,43126.2,10802.8,298560,0
EventID,0,43126.2,10802.8,298560,0
EventID,0,43126.1,10802.7,298560,0
EventID,0,43126.1,10802.7,298560,0
EventID,0,43126.2,10802.7,298560,0
EventID,0,43126.2,10802.9,298560,0
EventID,0,43126.2,10802.8,298560,0.092
EventID,0,43126.2,10802.8,298560,0
EventID,0,43126.2,10802.7,298560,0
EventID,0,43125.4,10802.6,298560,0
EventID,0,43125.4,10802.6,298560,0
EventID,0,43124.8,10802.9,298560,0
EventID,0,43124.8,10803,298560,0
EventID,0,43124.9,10802.9,298560,0
EventID,0,43124.9,10802.9,298560,0
EventID,0,43124.5,10802.5,298560,0.417
EventID,0,43124.1,10802.6,298560,7.14368
EventID,0,43134.3,10767,298887,0
EventID,0,43134.3,10767,298887,0
EventID,0,43134.3,10767,298887,0
EventID,0,43134.7,10767.1,298887,0
EventID,0,43134.5,10766.7,298886,0
EventID,0,43134.6,10766.6,298886,0
EventID,0,43135,10766.3,298886,0.417
EventID,0,43134.8,10766.6,298887,0
EventID,0,43134.7,10766.7,298887,0
EventID,0,43134.7,10766.9,298887,0
EventID,0,43134.8,10766.9,298887,0
EventID,0,43134.8,10766.9,298887,0
EventID,0,43134.5,10766.7,298887,0
EventID,0,43134.5,10766.7,298887,0
EventID,0,43134.6,10766.6,298887,0
EventID,0,43134.6,10766.5,298887,0
EventID,0,43134.5,10766.3,298887,0
EventID,0,43134.4,10766.3,298887,0
EventID,0,43134,10766.5,298888,0
EventID,0,43134,10766.4,298888,0
EventID,0,43134.5,10766.5,298888,0.092
EventID,0,43134.6,10766.4,298888,0
EventID,0,43134.7,10766.4,298888,0
EventID,0,43134.7,10766.3,298888,0
EventID,0,43134.7,10766.2,298888,0
EventID,0,43134.6,10765.4,298888,0
EventID,0,43134.5,10765.5,298887,0
EventID,0,43134.1,10765.7,298887,0
EventID,0,43134,10766.1,298887,0.061
EventID,0,43133.9,10766.2,298887,0
EventID,0,43133.9,10766.4,298887,0.092
EventID,0,43133.2,10766.9,298887,0
EventID,0,43133,10767,298887,0
EventID,0,43133,10767,298887,0
EventID,0,43132.9,10767.1,298887,0
EventID,0,43132.8,10767.2,298887,0.092
EventID,0,43132.8,10767.1,298887,0
EventID,0,43132.9,10766.9,298887,0
EventID,0,43133,10766.8,298887,0
EventID,0,43133.1,10766.9,298887,0
EventID,0,43133.2,10766.9,298887,0
EventID,0,43133.2,10766.8,298887,0
EventID,0,43133.3,10767.1,298887,0
EventID,0,43133.3,10767.4,298887,0
EventID,0,43133.3,10767.5,298887,0.092
EventID,0,43133.2,10767.7,298887,0
EventID,0,43133.1,10768.1,298887,0
EventID,0,43133.1,10768.1,298887,0
EventID,0,43133.1,10768.2,298887,0
EventID,0,43133.3,10767.9,298887,0
EventID,0,43133.3,10768.4,298887,0
EventID,0,43133.3,10769,298887,0
EventID,0,43133.3,10769,298887,0
EventID,0,43133.7,10769,298887,0
EventID,0,43133.7,10769,298887,0
EventID,0,43133.4,10769.8,298887,0
EventID,0,43133.5,10769.6,298887,0
EventID,0,43133.4,10769.1,298887,0.024
EventID,0,43133.3,10769.3,298887,0
EventID,0,43133.1,10769.6,298886,0
EventID,0,43133.1,10769.7,298886,0
EventID,0,43133.1,10769.7,298886,0
EventID,0,43133.1,10769.7,298886,0
EventID,0,43133,10769.7,298886,0
EventID,0,43132.9,10769.9,298886,0
EventID,0,43132.4,10769.3,298886,0
EventID,0,43132.4,10769.3,298886,0
EventID,0,43132.5,10769.4,298886,0
EventID,0,43132.4,10769.3,298886,0
EventID,0,43132.3,10769.3,298886,0
EventID,0,43132.4,10769.3,298886,0
EventID,0,43132.4,10769.4,298886,0
EventID,0,43132.4,10769.5,298886,0
EventID,0,43132.4,10769.4,298886,0
EventID,0,43132.4,10769.4,298886,0
EventID,0,43132.4,10769.4,298887,0
EventID,0,43132.7,10769.5,298887,0
EventID,0,43132.6,10769.8,298887,0
EventID,0,43132.8,10769.5,298887,0
EventID,0,43132.9,10769.1,298887,0
EventID,0,43132.9,10769.2,298887,0
EventID,0,43132.9,10769.2,298887,0
EventID,0,43132.7,10769.3,298887,0
EventID,0,43132.6,10769.5,298887,0
EventID,0,43132.5,10769.5,298887,0
EventID,0,43132.5,10769.5,298887,0
EventID,0,43132.4,10769.4,298886,0
EventID,0,43132.3,10769.3,298886,0
EventID,0,43132.3,10769.3,298886,0
EventID,0,43132.6,10769.4,298886,0
EventID,0,43132.6,10769.4,298886,0
EventID,0,43132.8,10769.5,298886,0
EventID,0,43132.8,10769.5,298886,0
EventID,0,43132.6,10769.7,298886,0
EventID,0,43132.5,10769.8,298886,0
EventID,0,43132.1,10769.8,298886,0
EventID,0,43132.1,10769.8,298886,0
EventID,0,43132.1,10769.8,298886,0.061
EventID,0,43132.1,10769.8,298886,0
EventID,0,43131.8,10769.7,298886,0.417
EventID,0,43131.5,10769.6,298886,0.417
EventID,0,43131.4,10769.5,298887,0
EventID,0,43131.4,10769.5,298887,0
EventID,0,43131.2,10769.4,298887,0
EventID,0,43131.3,10769.4,298887,0
EventID,0,43131.3,10769.4,298887,0
EventID,0,43131.4,10769.5,298887,0
EventID,0,43131.5,10769.8,298887,0
EventID,0,43131.5,10769.8,298887,0
EventID,0,43131.7,10769.9,298887,0
EventID,0,43131.6,10769.8,298887,0
EventID,0,43131.6,10769.8,298887,0.092
EventID,0,43131.7,10769.7,298887,0
EventID,0,43131.9,10769.6,298886,0
EventID,0,43131.8,10769.7,298886,0
EventID,0,43131.8,10769.7,298886,0
EventID,0,43132,10769.7,298886,0
EventID,0,43132.1,10769.7,298886,0
EventID,0,43132,10769.9,298886,0
EventID,0,43131.6,10770.1,298886,0
EventID,0,43131.6,10770.2,298886,0
EventID,0,43131.7,10770.3,298886,0
EventID,0,43131.7,10770.1,298886,0
EventID,0,43131.8,10769.3,298887,0
EventID,0,43131.8,10769.3,298887,0
EventID,0,43131.9,10769.3,298887,0
EventID,0,43132,10769.3,298887,0.417
EventID,0,43132,10769.2,298887,0
EventID,0,43131.9,10769.1,298886,0
EventID,0,43132.2,10768.8,298886,0
EventID,0,43132.2,10768.8,298886,0
EventID,0,43132.2,10768.9,298886,0.092
EventID,0,43132.2,10768.9,298886,0
EventID,0,43132.2,10768.9,298886,0
EventID,0,43132.2,10768.9,298886,0
EventID,0,43132,10768.5,298885,0
EventID,0,43132.1,10768.3,298885,0
EventID,0,43132.7,10768.2,298884,0.092
EventID,0,43132.8,10768.1,298884,0.092
EventID,0,43133,10767.8,298884,0
EventID,0,43133,10767.8,298884,0.061
EventID,0,43133.3,10767.6,298884,0
EventID,0,43133.7,10767.3,298884,0
EventID,0,43133.7,10767.3,298884,0
EventID,0,43133.6,10767.2,298883,0
EventID,0,43133.7,10767.2,298883,0
EventID,0,43133.7,10767.2,298883,0
EventID,0,43133.6,10767.2,298883,0
EventID,0,43133.3,10767.1,298883,0
EventID,0,43133.5,10767.1,298882,0.024
EventID,0,43133.5,10767,298882,0
EventID,0,43133.6,10766.9,298882,0
EventID,0,43133.7,10766.8,298882,0
EventID,0,43133.7,10766.8,298882,0
EventID,0,43133.7,10766.8,298882,0
EventID,0,43133.6,10766.8,298882,0
EventID,0,43133.6,10766.9,298882,0.092
EventID,0,43133.7,10766.8,298882,7.37473
EventID,0,43155,10651.5,300022,0.092
EventID,0,43154.9,10651.3,300022,0
EventID,0,43154.6,10650.8,300022,0.092
EventID,0,43154.6,10650.6,300022,0
EventID,0,43154.5,10650.5,300022,0
EventID,0,43154.5,10649.7,300022,0.417
EventID,0,43154.5,10649.6,300022,7.16465
EventID,0,43147.6,10578.9,300611,0
EventID,0,43147.9,10578.6,300611,0
EventID,0,43148.1,10578.5,300611,0
EventID,0,43148.2,10578.1,300611,0
EventID,0,43148.2,10578.1,300611,0
EventID,0,43148.2,10578,300611,0
EventID,0,43148.2,10578.2,300611,0
EventID,0,43148.4,10578.4,300611,0.417
EventID,0,43148.4,10578.4,300611,0
EventID,0,43148.5,10578.4,300611,0
EventID,0,43148.5,10578.4,300612,0
EventID,0,43148.2,10578.7,300612,0
EventID,0,43148.2,10578.7,300612,0
EventID,0,43148.3,10578.6,300612,0
EventID,0,43148.3,10578.6,300612,0
EventID,0,43148.4,10578.4,300612,0
EventID,0,43148.4,10578.2,300612,0
EventID,0,43148.9,10579.2,300611,0
EventID,0,43149.3,10579.3,300611,0
EventID,0,43149.4,10579.3,300611,0
EventID,0,43149.6,10579.4,300611,0
EventID,0,43149.7,10579.5,300612,0
EventID,0,43149.7,10579.5,300611,0
EventID,0,43149.5,10579.6,300611,0
EventID,0,43149.4,10579.6,300611,0
EventID,0,43149.2,10579.5,300611,0.092
EventID,0,43149,10579.3,300611,0
EventID,0,43148.8,10579.1,300611,0
EventID,0,43148.8,10578.7,300611,0
EventID,0,43148.6,10578.4,300611,13.39
EventID,0,43148.4,10578.6,300610,2.92464
EventID,0,43148.4,10578.6,300610,0.446469
EventID,0,43146.5,10572.2,300666,0
EventID,0,43146.5,10572.1,300666,0
EventID,0,43146.5,10572.1,300666,0
EventID,0,43146.5,10571.9,300666,0
EventID,0,43146.5,10571.9,300666,0.024
EventID,0,43146,10571.3,300665,0
EventID,0,43146,10571.3,300665,0
EventID,0,43146,10571.1,300665,0
EventID,0,43145.8,10570.9,300666,0
EventID,0,43145.8,10570.9,300666,0
EventID,0,43145.8,10570.9,300666,0
EventID,0,43145.6,10571,300666,0
EventID,0,43145.3,10570.8,300666,0
EventID,0,43145,10570.8,300666,0
EventID,0,43144.9,10570.6,300666,0
EventID,0,43145.1,10570.5,300666,0
EventID,0,43145.4,10570.5,300666,0
EventID,0,43145.4,10570.4,300666,0
EventID,0,43145.3,10570.2,300666,0.092
EventID,0,43145.3,10570.2,300666,7.30945
EventID,0,43131.1,10480.8,301418,0
EventID,0,43131.1,10480.7,301418,0
EventID,0,43131.1,10480.8,301418,0
EventID,0,43130.9,10480.7,301417,0
EventID,0,43131.1,10480.7,301418,0
EventID,0,43131.4,10480.6,301418,0
EventID,0,43131.5,10480.4,301418,0
EventID,0,43131.8,10480.1,301418,0
EventID,0,43131.9,10480.1,301418,0.092
EventID,0,43132.2,10480,301417,0
EventID,0,43132.2,10480,301417,0
EventID,0,43132.2,10480,301417,0
EventID,0,43132.2,10480.1,301417,0
EventID,0,43132.2,10480,301417,0
EventID,0,43132.2,10480,301417,0
EventID,0,43132.2,10480,301417,0
EventID,0,43132.1,10479.8,301417,0
EventID,0,43132.2,10479.8,301417,0
EventID,0,43132.3,10479.6,301417,0
EventID,0,43132.3,10479.7,301417,0
EventID,0,43132.5,10479.9,301417,0
EventID,0,43132.5,10479.9,301417,0
EventID,0,43132.6,10480,301418,0
EventID,0,43132.5,10479.9,301418,0.417
EventID,0,43132.4,10479.9,301418,0
EventID,0,43131.9,10479.7,301418,0
EventID,0,43131.9,10479.6,301418,0
EventID,0,43131.8,10479.7,301418,0
EventID,0,43131.9,10479.9,301418,0
EventID,0,43132.4,10480.5,301418,0.092
EventID,0,43132.4,10480.6,301418,0
EventID,0,43132.4,10480.6,301418,0
EventID,0,43132.5,10480.7,301418,0
EventID,0,43132.4,10480.6,301418,0
EventID,0,43132.4,10480.6,301418,0
EventID,0,43132.4,10480.6,301418,0
EventID,0,43132.4,10480.7,301418,0
EventID,0,43132.4,10480.7,301418,0
EventID,0,43132.4,10480.7,301418,0
EventID,0,43132.4,10480.7,301418,0
EventID,0,43132.3,10480.7,301418,0.061
EventID,0,43132.5,10480.6,301418,0
EventID,0,43132.6,10480.4,301418,0.024
EventID,0,43132.6,10480.4,301418,0
EventID,0,43132.9,10480.4,301418,0
EventID,0,43132.7,10480.3,301417,0
EventID,0,43133,10481,301418,0.092
EventID,0,43133,10481,301418,0
EventID,0,43133,10481,301418,0
EventID,0,43133.1,10481.6,301418,0
EventID,0,43133.1,10481.6,301418,0
EventID,0,43133,10481.8,301418,0
EventID,0,43132.9,10482.1,301418,0
EventID,0,43132.9,10482.1,301418,0
EventID,0,43133.4,10481.1,301418,0.092
EventID,0,43133.5,10481,301418,0.061
EventID,0,43133.7,10481,301418,0
EventID,0,43133.8,10480.9,301418,0.417
EventID,0,43133.8,10480.9,301418,0
EventID,0,43133.8,10480.9,301418,0
EventID,0,43134,10480.8,301418,0
EventID,0,43134,10480.5,301419,0.024
EventID,0,43134,10480.4,301419,0
EventID,0,43134.1,10480.2,301420,0.061
EventID,0,43134.1,10479.9,301420,0
EventID,0,43134.1,10479.7,301420,0
EventID,0,43134,10479.9,301421,0.092
EventID,0,43133.6,10479.7,301421,0
EventID,0,43133.2,10479.4,301421,0.061
EventID,0,43133.1,10479.3,301421,0
EventID,0,43132.9,10479,301421,0
EventID,0,43132.8,10479,301421,0
EventID,0,43132.9,10479.4,301421,0
EventID,0,43132.9,10479.7,301421,0
EventID,0,43132.7,10479.9,301420,0
EventID,0,43132.6,10480,301420,0
EventID,0,43132.5,10480,301420,0
EventID,0,43132.4,10480.1,301420,0
EventID,0,43132.3,10480.2,301420,0
EventID,0,43131.8,10480.1,301420,0
EventID,0,43131.8,10480.1,301420,0
EventID,0,43131.8,10480.1,301420,0
EventID,0,43131.8,10480.1,301420,0
EventID,0,43131.8,10480.1,301420,0
EventID,0,43131.4,10480.1,301420,0
EventID,0,43131.5,10480.1,301420,0
EventID,0,43131.6,10480.2,301420,0
EventID,0,43131.6,10480.2,301420,0.092
EventID,0,43131.5,10480.3,301420,0
EventID,0,43131.4,10480.4,301420,0
EventID,0,43131.4,10480.4,301420,0
EventID,0,43131.4,10480.5,301420,0.092
EventID,0,43131.4,10480.5,301420,0
EventID,0,43131.7,10480.9,301421,0
EventID,0,43131.6,10481,301421,0
EventID,0,43131.6,10480.9,301421,0
EventID,0,43131.6,10480.9,301421,0
EventID,0,43131,10480.6,301422,0
EventID,0,43130.5,10480.6,301422,0
EventID,0,43130.4,10480.4,301422,0
EventID,0,43130.5,10480.3,301422,0
EventID,0,43130.5,10480.4,301422,0.024
EventID,0,43130.5,10480.4,301422,0
EventID,0,43130.7,10479.9,301421,0
EventID,0,43130.7,10479.8,301421,0
EventID,0,43130.7,10479.8,301421,0
EventID,0,43130.7,10479.7,301421,0
EventID,0,43130.7,10479.7,301421,0
EventID,0,43130.7,10479.7,301421,0
EventID,0,43130.8,10479.7,301421,0
EventID,0,43130.7,10479.7,301421,0
EventID,0,43130.4,10479.9,301421,0
EventID,0,43130.2,10480,301422,0
EventID,0,43129.7,10480.2,301422,0
EventID,0,43129.5,10480.4,301422,0
EventID,0,43129.3,10480.8,301422,0.417
EventID,0,43129.4,10481,301422,0
EventID,0,43129.4,10481,301422,0
EventID,0,43129.5,10481.2,301422,0
EventID,0,43129.5,10481.4,301422,0
EventID,0,43129.4,10481.6,301422,0
EventID,0,43129.4,10481.7,301422,0
EventID,0,43129.5,10481.8,301422,0
EventID,0,43129.5,10481.8,301422,0
EventID,0,43129.4,10481.8,301422,0
EventID,0,43129.3,10481.6,301422,0
EventID,0,43129.2,10481.6,301422,0.024
EventID,0,43129.4,10481.4,301423,0
EventID,0,43129.4,10481.4,301423,0
EventID,0,43129.4,10481.4,301423,0
EventID,0,43129.3,10481.5,301423,0
EventID,0,43129.3,10481.5,301423,0
EventID,0,43129.3,10481.5,301423,0.024
EventID,0,43129.3,10481.5,301423,0
EventID,0,43129.2,10481.6,301422,0
EventID,0,43129.1,10480.7,301422,0
EventID,0,43129.1,10480.7,301422,0.092
EventID,0,43129,10480.5,301422,0
EventID,0,43128.8,10480.3,301422,0
EventID,0,43128.6,10480.2,301422,0
EventID,0,43128.4,10480.4,301422,0
EventID,0,43128.6,10480.4,301422,0
EventID,0,43128.7,10480.5,301422,0
EventID,0,43128.7,10480.5,301422,0
EventID,0,43128.7,10480.5,301422,0.024
EventID,0,43128.9,10480.1,301422,0
EventID,0,43129,10479.5,301422,0
EventID,0,43129,10479.5,301422,0
EventID,0,43129,10479.5,301422,0
EventID,0,43129.1,10479.6,301422,0
EventID,0,43129.1,10479.7,301422,0
EventID,0,43129.1,10479.7,301422,0
EventID,0,43129.1,10479.7,301422,0
EventID,0,43129,10479.9,301422,0.092
EventID,0,43128.9,10479.9,301421,0
EventID,0,43128.6,10479.9,301421,0
EventID,0,43128.9,10479.9,301421,0
EventID,0,43129,10480.3,301422,0
EventID,0,43129,10480.3,301422,0
EventID,0,43129,10480.3,301422,0
EventID,0,43129,10480.8,301421,0
EventID,0,43129.1,10481,301421,0.061
EventID,0,43129.3,10481.2,301421,0.092
EventID,0,43129.4,10481.2,301421,0
EventID,0,43129.5,10481.4,301421,0
EventID,0,43130.1,10481.2,301421,0
EventID,0,43130.3,10481.3,301420,0
EventID,0,43130.4,10481.4,301420,0
EventID,0,43130.3,10481.3,301421,0
EventID,0,43130.5,10481.4,301420,0.417
EventID,0,43130.5,10481.3,301420,0
EventID,0,43130.5,10481.2,301420,0
EventID,0,43130.5,10481,301420,0
EventID,0,43130.5,10481,301420,0
EventID,0,43131.3,10481.8,301419,0
EventID,0,43131.2,10481.7,301419,0
EventID,0,43131.1,10481.7,301419,0
EventID,0,43131.4,10481.4,301419,0
EventID,0,43131.5,10481.4,301419,0.092
EventID,0,43131.5,10481.6,301420,0
EventID,0,43131.5,10481.6,301420,0
EventID,0,43131.5,10481.7,301420,0.092
EventID,0,43131.6,10481.7,301420,0
EventID,0,43131.8,10481.7,301420,0
EventID,0,43131.8,10481.7,301420,0.417
EventID,0,43131.8,10481.5,301420,0
EventID,0,43131.9,10481.3,301420,0
EventID,0,43132,10481,301420,0
EventID,0,43132,10481,301420,0
EventID,0,43132.2,10480.6,301420,0
EventID,0,43132.2,10480.5,301420,0
EventID,0,43132.2,10480.5,301420,0
EventID,0,43132.1,10480.6,301421,0
EventID,0,43132.1,10480.6,301421,0
EventID,0,43132,10480.5,301421,0
EventID,0,43132,10480.5,301421,0
EventID,0,43132.2,10480.3,301421,0
EventID,0,43132.4,10480.3,301421,0
EventID,0,43132.4,10480.1,301421,0
EventID,0,43132.4,10480,301421,0
EventID,0,43132.5,10479.8,301421,0
EventID,0,43132.5,10479.8,301421,0
EventID,0,43132.5,10479.6,301420,0
EventID,0,43132.5,10479.6,301420,0
EventID,0,43132.5,10479.7,301420,0
EventID,0,43132.5,10479.4,301420,0
EventID,0,43132.4,10479.4,301420,0.024
EventID,0,43132.8,10479.3,301420,0
EventID,0,43133.2,10479.2,301420,0
EventID,0,43133.2,10479.2,301420,0
EventID,0,43133.1,10479.2,301420,0
EventID,0,43133.2,10479.2,301420,0
EventID,0,43133.2,10479.2,301420,0
EventID,0,43133.2,10479.2,301420,0
EventID,0,43133.2,10479.1,301420,0
EventID,0,43133.4,10479.1,301420,0
EventID,0,43133.4,10479.2,301420,0
EventID,0,43133.3,10479.3,301420,0
EventID,0,43133.5,10479.5,301419,0
EventID,0,43133.6,10479.6,301419,0
EventID,0,43133.6,10479.6,301419,0
EventID,0,43133.6,10479.7,301419,0
EventID,0,43133.4,10479.7,301419,0
EventID,0,43133.4,10479.7,301419,0.092
EventID,0,43133.3,10479.9,301419,0
EventID,0,43133.2,10479.9,301419,0
EventID,0,43133.2,10479.9,301419,0
EventID,0,43133.2,10479.9,301419,0
EventID,0,43133.2,10480,301419,0
EventID,0,43133.3,10480.1,301419,0
EventID,0,43133.4,10480.1,301419,0.204
EventID,0,43133.5,10480.1,301419,0
EventID,0,43133.7,10480.1,301419,0
EventID,0,43133.7,10480.1,301419,0.092
EventID,0,43133.6,10480.2,301419,0
EventID,0,43133.3,10480.3,301419,0
EventID,0,43133.2,10480.3,301420,0
EventID,0,43133.3,10480.6,301420,0.092
EventID,0,43133.3,10480.6,301420,0
EventID,0,43133.4,10480.6,301420,0
EventID,0,43133.4,10480.7,301420,0
EventID,0,43133.4,10480.7,301420,0.092
EventID,0,43133.4,10480.6,301420,0
EventID,0,43133.3,10480.6,301421,0
EventID,0,43132.8,10480.7,301420,0
EventID,0,43132.7,10480.8,301420,0.092
EventID,0,43132.5,10481,301420,0
EventID,0,43132.4,10481.1,301420,0
EventID,0,43132.4,10481,301420,0
EventID,0,43132.4,10481,301420,0
EventID,0,43132.4,10480.9,301420,0
EventID,0,43132.4,10480.9,301420,0
EventID,0,43132.2,10480.3,301421,0
EventID,0,43132.3,10480.1,301421,0
EventID,0,43132.2,10480,301421,0.835
EventID,0,43132.2,10480,301421,7.07047
EventID,0,43110.6,10354.5,302471,0
EventID,0,43110.6,10354.4,302471,0
EventID,0,43110.6,10354.4,302471,0
EventID,0,43110.6,10354.4,302471,0
EventID,0,43109.9,10354.6,302471,0
EventID,0,43109.9,10354.6,302471,0
EventID,0,43109.8,10354.5,302471,0
EventID,0,43109.6,10354.5,302470,0
EventID,0,43109.6,10354.5,302470,0
EventID,0,43109.6,10354.6,302470,0.092
EventID,0,43109.7,10354.5,302470,0
EventID,0,43109.8,10354.5,302470,0
EventID,0,43109.8,10354.4,302470,0
EventID,0,43109.8,10354.4,302470,0
EventID,0,43109.8,10354.2,302470,0
EventID,0,43109.9,10354.2,302470,0
EventID,0,43109.8,10354.2,302470,0
EventID,0,43109.8,10354.1,302470,0
EventID,0,43109.8,10354.1,302470,0
EventID,0,43109.9,10354,302470,0.061
EventID,0,43109.9,10354,302470,0
EventID,0,43110.1,10353.8,302470,0
EventID,0,43110.7,10353.3,302470,0
EventID,0,43110.8,10353.2,302470,0
EventID,0,43111,10353.2,302470,0
EventID,0,43111.4,10353,302470,0
EventID,0,43111,10353.3,302470,10
EventID,0,43111.1,10353.2,302470,4.9181
EventID,0,43107.8,10338.4,302608,0
EventID,0,43107.8,10338.4,302608,0
EventID,0,43107.3,10338.4,302609,0
EventID,0,43107.3,10338.4,302609,0
EventID,0,43107.1,10338.2,302609,0
EventID,0,43107.5,10338.3,302609,0
EventID,0,43107.2,10338.7,302609,0
EventID,0,43107.2,10338.8,302608,0
EventID,0,43107.2,10339.4,302608,0
EventID,0,43107.3,10339.9,302608,0
EventID,0,43107.2,10339.6,302608,0
EventID,0,43107.2,10338.6,302609,0
EventID,0,43107.2,10338.6,302609,0
EventID,0,43107.1,10338.6,302609,0
EventID,0,43107.1,10338.7,302609,0
EventID,0,43107,10338.8,302609,0
EventID,0,43107,10338.8,302609,0
EventID,0,43107.1,10338.8,302609,0
EventID,0,43107.6,10339.2,302609,0
EventID,0,43107.7,10339.2,302609,0
EventID,0,43107.8,10339.3,302609,0
EventID,0,43107.8,10339.4,302609,0
EventID,0,43107.8,10339.4,302609,0
EventID,0,43107.8,10339.4,302609,0
EventID,0,43107.7,10339.5,302609,0
EventID,0,43107.7,10339.5,302609,0
EventID,0,43107.8,10339.5,302609,0
EventID,0,43107.8,10339.6,302609,0
EventID,0,43108.2,10339.7,302609,0
EventID,0,43108.2,10339.7,302609,0
EventID,0,43108.4,10339.9,302609,0
EventID,0,43108.3,10339.7,302609,0
EventID,0,43108.3,10339.7,302609,0
EventID,0,43108.3,10339.7,302609,0
EventID,0,43108.2,10339.7,302609,0
EventID,0,43108.2,10339.7,302609,0
EventID,0,43108.1,10340,302609,0
EventID,0,43108.1,10340.4,302609,0
EventID,0,43108.1,10340.4,302609,0
EventID,0,43108.1,10340.4,302609,0.092
EventID,0,43108,10340.4,302609,0
EventID,0,43107.8,10340.7,302608,0
EventID,0,43107.6,10340.8,302608,0
EventID,0,43107.4,10341,302608,0
EventID,0,43107.5,10341.1,302608,0
EventID,0,43107.5,10341.3,302609,0
EventID,0,43107.5,10341.3,302609,0
EventID,0,43107.5,10341.3,302608,0
EventID,0,43107.2,10341.5,302608,0
EventID,0,43107.1,10341.5,302608,0
EventID,0,43107.1,10341.4,302608,0
EventID,0,43107,10341.5,302608,0
EventID,0,43107,10341.5,302608,0
EventID,0,43107,10341.4,302608,0
EventID,0,43106.9,10341.3,302608,0
EventID,0,43106.7,10341.2,302608,0
EventID,0,43106.7,10341.4,302608,0
EventID,0,43107.2,10341.8,302609,0
EventID,0,43107.2,10341.7,302609,0
EventID,0,43107.4,10341.6,302609,0
EventID,0,43107.5,10341.2,302609,0
EventID,0,43107.2,10341.1,302609,0
EventID,0,43107.3,10341.2,302609,0
EventID,0,43107.2,10341.3,302609,0
EventID,0,43107.2,10340.9,302609,0
EventID,0,43107.2,10340.8,302608,0
EventID,0,43107.1,10340.7,302609,0
EventID,0,43107.2,10340.3,302609,0
EventID,0,43107.2,10340.4,302609,0
EventID,0,43107.2,10340.4,302609,0
EventID,0,43107.3,10340.4,302608,0
EventID,0,43107.3,10340.4,302608,0
EventID,0,43107.6,10340.9,302608,0
EventID,0,43107.6,10340.9,302608,0
EventID,0,43107.6,10340.9,302608,0
EventID,0,43107.4,10341.8,302608,0
EventID,0,43107.3,10341.9,302608,0
EventID,0,43107.3,10342,302608,0
EventID,0,43107.2,10342.1,302608,0
EventID,0,43107.1,10342.1,302608,0
EventID,0,43107,10342.1,302608,0
EventID,0,43106.9,10342.1,302608,0
EventID,0,43106.7,10342.2,302608,0.092
EventID,0,43106.3,10342.5,302608,0
EventID,0,43106.2,10342.6,302608,0.024
EventID,0,43106.1,10342.7,302608,0
EventID,0,43106,10342.8,302608,0.204
EventID,0,43106,10342.8,302608,0
EventID,0,43106.1,10342.9,302608,0
EventID,0,43106.1,10342.8,302608,0.092
EventID,0,43106.1,10342.8,302608,0
EventID,0,43106,10343.2,302608,0
EventID,0,43106.1,10343.3,302608,0
EventID,0,43106.2,10343.5,302608,0.061
EventID,0,43106.1,10343.6,302608,0
EventID,0,43106.1,10343.6,302607,0
EventID,0,43106,10343.6,302607,0
EventID,0,43105.7,10343.8,302607,0
EventID,0,43105.6,10343.8,302606,0
EventID,0,43105.5,10343.8,302606,0
EventID,0,43105.5,10343.8,302606,0
EventID,0,43105.4,10343.7,302606,0
EventID,0,43105.6,10343.8,302606,0
EventID,0,43105.6,10343.7,302607,0.092
EventID,0,43105.7,10343.9,302606,0
EventID,0,43105.8,10344,302606,0
EventID,0,43105.7,10343.6,302606,0
EventID,0,43105.7,10343.6,302606,0
EventID,0,43105.7,10343.3,302605,0
EventID,0,43105.8,10343.3,302605,0
EventID,0,43105.6,10343.4,302606,0
EventID,0,43105.6,10343.4,302606,0
EventID,0,43105.5,10343.4,302606,0
EventID,0,43105.5,10343.5,302606,0
EventID,0,43105.6,10343.7,302606,0
EventID,0,43105.4,10343.6,302606,0
EventID,0,43105.3,10343.5,302606,0
EventID,0,43105.3,10343.4,302606,0.092
EventID,0,43105.2,10343.4,302606,0
EventID,0,43105,10343.3,302606,0
EventID,0,43104.9,10343.3,302606,0
EventID,0,43104.9,10343.3,302606,0
EventID,0,43104.9,10343.1,302606,0
EventID,0,43104.9,10343.1,302606,0
EventID,0,43104.8,10343.1,302606,0
EventID,0,43104.6,10343.2,302606,0
EventID,0,43104.6,10343.1,302606,0
EventID,0,43104,10342.7,302607,0
EventID,0,43103.9,10342.7,302607,0
EventID,0,43103.9,10342.6,302606,0
EventID,0,43103.8,10342.7,302606,0
EventID,0,43103.7,10342.7,302606,0
EventID,0,43103.8,10342.7,302606,0
EventID,0,43103.9,10342.8,302607,8.22
EventID,0,43104.1,10343,302607,2.29677
EventID,0,43095.8,10271,303192,16.05
EventID,0,43095.8,10271,303192,0
EventID,0,43095.9,10271.2,303192,0
EventID,0,43095.9,10271.3,303192,13.39
EventID,0,43095.8,10271.3,303192,0.061
EventID,0,43095.7,10271.5,303192,13.39
EventID,0,43095.7,10271.5,303192,0
EventID,0,43095.7,10271.6,303192,10
EventID,0,43095.7,10271.6,303192,0
EventID,0,43095.7,10271.5,303192,0
EventID,0,43095.7,10271.6,303192,0
EventID,0,43095.8,10271.6,303192,0
EventID,0,43095.8,10271.6,303192,0.024
EventID,0,43095.9,10271.6,303192,0
EventID,0,43096,10271.6,303192,0
EventID,0,43096,10271.7,303192,0
EventID,0,43096,10271.7,303192,0
EventID,0,43095.7,10271.7,303192,0
EventID,0,43095.9,10271.3,303192,0
EventID,0,43095.9,10271.3,303192,0
EventID,0,43095.9,10271.2,303192,0
EventID,0,43095.7,10271.4,303192,0
EventID,0,43095.7,10271.4,303192,0
EventID,0,43095.7,10271.4,303192,0
EventID,0,43095.8,10271.4,303192,0.417
EventID,0,43095.7,10271.4,303192,0
EventID,0,43095.6,10271.5,303192,0
EventID,0,43095.4,10271.8,303192,0
EventID,0,43095.3,10271.9,303192,0
EventID,0,43095.4,10271.8,303192,0.024
EventID,0,43095.3,10271.9,303192,0.204
EventID,0,43095,10272.1,303191,0
EventID,0,43094.9,10272.2,303191,0.417
EventID,0,43094.9,10272.2,303191,0
EventID,0,43095,10272,303192,0
EventID,0,43095,10272.1,303191,0
EventID,0,43094.9,10272.1,303191,0.204
EventID,0,43095.1,10272,303191,0
EventID,0,43095.3,10271.8,303190,0
EventID,0,43095.2,10272,303191,0
EventID,0,43095.2,10272,303191,0
EventID,0,43095.2,10271.8,303191,0
EventID,0,43095.2,10271.7,303191,0
EventID,0,43095.2,10271.7,303191,0
EventID,0,43094.9,10271.2,303191,0
EventID,0,43095.1,10271.1,303191,0
EventID,0,43095.1,10271.1,303191,0
EventID,0,43095,10271.1,303191,0
EventID,0,43095,10271.2,303191,0
EventID,0,43095.1,10270.8,303191,0
EventID,0,43095.3,10270.7,303191,0
EventID,0,43095.2,10270.7,303191,0
EventID,0,43095.1,10271,303191,0.417
EventID,0,43095.2,10271.1,303191,0
EventID,0,43095.5,10271.3,303191,0.092
EventID,0,43095.9,10271.6,303191,0
EventID,0,43096,10271.8,303191,0
EventID,0,43096,10271.8,303191,0
EventID,0,43096.1,10271.9,303191,0
EventID,0,43096.3,10272,303191,0
EventID,0,43096.4,10272,303191,0
EventID,0,43096.4,10272,303191,0
EventID,0,43096.3,10272,303191,0
EventID,0,43096,10271.8,303191,0
EventID,0,43095.9,10271.6,303191,0.061
EventID,0,43095.8,10271.5,303191,0
EventID,0,43095.8,10271.4,303191,0
EventID,0,43095.8,10271.4,303191,0
EventID,0,43095.8,10271.6,303191,0
EventID,0,43095.7,10271.6,303191,0
EventID,0,43096.2,10272.2,303192,0
EventID,0,43096.2,10272.2,303192,0.061
EventID,0,43096.3,10271.9,303192,0.061
EventID,0,43096.4,10271.8,303192,0
EventID,0,43096.4,10271.8,303192,0
EventID,0,43096.4,10271.3,303192,0
EventID,0,43096.4,10271,303192,0
EventID,0,43096.4,10271,303192,0
EventID,0,43096.4,10271,303192,0
EventID,0,43096.5,10271,303192,0
EventID,0,43096.5,10270.9,303192,0
EventID,0,43096.5,10270.9,303192,0
EventID,0,43096.5,10270.9,303192,0
EventID,0,43096.6,10270.8,303192,0
EventID,0,43096.5,10270.8,303192,0
EventID,0,43096,10271,303192,0
EventID,0,43095.6,10271.2,303192,0
EventID,0,43095.5,10271.4,303192,0
EventID,0,43095.6,10271.3,303192,0
EventID,0,43095.8,10270.9,303192,0.092
EventID,0,43095.8,10270.8,303192,0
EventID,0,43095.8,10270.6,303192,0.417
EventID,0,43095.8,10270.6,303192,0
EventID,0,43095.6,10270.9,303192,0
EventID,0,43095.7,10270.8,303192,0
EventID,0,43095.7,10270.7,303192,0
EventID,0,43095.7,10270.7,303192,0
EventID,0,43096.2,10270.8,303192,0
EventID,0,43096.2,10270.8,303192,0
EventID,0,43096.1,10270.6,303192,0
EventID,0,43096.1,10270.6,303192,0
EventID,0,43096,10270.6,303192,0
EventID,0,43096,10270.6,303192,0
EventID,0,43096,10270.6,303192,0
EventID,0,43096,10270.7,303192,0
EventID,0,43096,10270.7,303192,0
EventID,0,43095.9,10271,303192,0.061
EventID,0,43095.9,10271.1,303192,0
EventID,0,43095.9,10271.1,303192,0.024
EventID,0,43096,10271.2,303192,0
EventID,0,43096,10271.4,303192,0
EventID,0,43095.9,10271.4,303192,0
EventID,0,43096.2,10271.6,303192,0
EventID,0,43096.5,10272,303192,0
EventID,0,43096.4,10272.1,303192,0
EventID,0,43096.5,10272.2,303192,0
EventID,0,43096.5,10272.1,303192,0
EventID,0,43097,10272.2,303192,0
EventID,0,43097,10272.2,303192,0
EventID,0,43096.9,10272.2,303192,0
EventID,0,43096.9,10272.3,303192,0
EventID,0,43096.9,10272.4,303192,0
EventID,0,43097,10272.4,303192,0
EventID,0,43097.1,10272.4,303192,0
EventID,0,43097.3,10272.4,303192,0
EventID,0,43097.4,10272.3,303192,0
EventID,0,43097.4,10272.3,303192,0
EventID,0,43097.4,10272.3,303192,0
EventID,0,43097.4,10272.4,303192,0
EventID,0,43097.2,10272.5,303192,0
EventID,0,43097.2,10272.6,303192,0
EventID,0,43097.1,10272.7,303192,0
EventID,0,43097.2,10272.8,303192,0
EventID,0,43097.3,10272.8,303192,0
EventID,0,43097.9,10273.4,303192,0.092
EventID,0,43098.2,10273.7,303192,0
EventID,0,43098.7,10274,303192,0
EventID,0,43098.6,10273.9,303192,0
EventID,0,43098.4,10274,303192,0
EventID,0,43097.4,10274.9,303192,0
EventID,0,43097.3,10274.9,303192,0
EventID,0,43097.3,10274.9,303192,0
EventID,0,43097.2,10274.6,303191,0
EventID,0,43097.3,10274.5,303192,0.092
EventID,0,43097.1,10274.5,303192,0
EventID,0,43096.8,10274.5,303192,0
EventID,0,43096.6,10274.7,303192,0
EventID,0,43096.4,10274.9,303192,0
EventID,0,43096.3,10275,303192,0
EventID,0,43096.1,10275,303192,0
EventID,0,43096,10275,303192,0
EventID,0,43095.7,10275.1,303192,0
EventID,0,43095.9,10275.1,303192,0
EventID,0,43095.7,10275.1,303192,0
EventID,0,43095.7,10275.1,303192,0
EventID,0,43095.7,10275.1,303192,0
EventID,0,43095.7,10275.1,303192,0
EventID,0,43095.3,10275.3,303191,0
EventID,0,43095.2,10275.6,303191,0
EventID,0,43095.3,10275.3,303191,0
EventID,0,43095.3,10274.5,303191,0
EventID,0,43095.2,10274.5,303191,0
EventID,0,43094.1,10274.3,303192,0
EventID,0,43093.9,10274.2,303192,0
EventID,0,43093.9,10274.1,303192,0
EventID,0,43093.9,10274.1,303192,0
EventID,0,43093.9,10274.1,303192,0
EventID,0,43094,10274.1,303192,0
EventID,0,43094,10274.1,303192,0
EventID,0,43094.1,10274.1,303192,0
EventID,0,43094.4,10274.3,303191,0.061
EventID,0,43094.5,10274.4,303191,0
EventID,0,43094.6,10274.5,303191,0
EventID,0,43094.7,10274.5,303192,0
EventID,0,43094.7,10274.5,303192,0.417
EventID,0,43094.7,10274.7,303192,0
EventID,0,43094.7,10274.7,303192,0
EventID,0,43094.7,10275,303192,0
EventID,0,43094.5,10275.1,303192,0.204
EventID,0,43094.5,10275.3,303192,0
EventID,0,43094.5,10275.4,303192,0
EventID,0,43094.3,10275.6,303192,0
EventID,0,43094.1,10275.7,303191,0
EventID,0,43094.1,10276.1,303192,0
EventID,0,43093.9,10276,303192,0
EventID,0,43093.8,10276.1,303192,0
EventID,0,43093.6,10275.8,303191,0
EventID,0,43093.7,10275.7,303191,0
EventID,0,43093.7,10275.8,303191,0
EventID,0,43093.7,10275.9,303191,0
EventID,0,43093.7,10275.7,303191,0
EventID,0,43093.6,10275.3,303191,0
EventID,0,43093.6,10275.3,303191,0
EventID,0,43093.6,10275.3,303191,0
EventID,0,43093.5,10275.3,303191,0.417
EventID,0,43093.4,10275.1,303191,0
EventID,0,43093.3,10275,303191,0
EventID,0,43093,10275,303191,0
EventID,0,43093,10275,303191,0
EventID,0,43093,10275,303191,0
EventID,0,43093,10275,303191,0
EventID,0,43093,10275.3,303191,0
EventID,0,43092.8,10275.5,303191,0
EventID,0,43092.8,10275.6,303191,0
EventID,0,43092.7,10275.5,303191,0
EventID,0,43092.6,10275.6,303191,0
EventID,0,43092.6,10275.6,303191,0
EventID,0,43092.6,10275.5,303191,0
EventID,0,43093,10275.3,303191,0
EventID,0,43093.1,10275.3,303191,0
EventID,0,43092.9,10275.2,303191,0
EventID,0,43092.9,10275.2,303191,0.204
EventID,0,43092.8,10275.2,303191,0
EventID,0,43092.8,10275.2,303191,0
EventID,0,43092.7,10275.2,303191,0
EventID,0,43092.4,10275.1,303191,0
EventID,0,43092.1,10275.3,303191,0
EventID,0,43092.1,10275.3,303191,0
EventID,0,43091.8,10275.3,303191,0
EventID,0,43091.8,10275.3,303191,0
EventID,0,43091.8,10275.1,303191,0.092
EventID,0,43091.7,10275,303191,0
EventID,0,43091.6,10274.9,303191,0
EventID,0,43091.7,10274.8,303191,0
EventID,0,43091.9,10274.8,303191,0.061
EventID,0,43091.9,10274.8,303191,0
EventID,0,43092,10274.7,303190,0.024
EventID,0,43092,10274.7,303190,0
EventID,0,43092,10274.8,303190,0
EventID,0,43092,10274.8,303190,0
EventID,0,43091.8,10275.4,303191,0.417
EventID,0,43091.7,10275.2,303191,0
EventID,0,43091.6,10275.1,303190,0
EventID,0,43091.6,10275.1,303190,0
EventID,0,43091.5,10275.1,303190,0
EventID,0,43091.5,10275.2,303190,0
EventID,0,43091.4,10275.6,303190,0
EventID,0,43091.1,10275.8,303190,0.417
EventID,0,43090.9,10276,303190,0.092
EventID,0,43090.8,10276.2,303190,0
EventID,0,43090.7,10276.2,303190,0
EventID,0,43090.5,10276.4,303190,0
EventID,0,43090.5,10276.4,303190,0
EventID,0,43090.4,10276.4,303190,0
EventID,0,43090.4,10276.4,303190,0
EventID,0,43090.5,10276.4,303190,0
EventID,0,43090.4,10276.4,303190,0
EventID,0,43090.4,10276.4,303190,0
EventID,0,43090.4,10276.5,303190,0
EventID,0,43090.4,10276.5,303190,0
EventID,0,43090.4,10276.5,303191,0
EventID,0,43090.4,10276.5,303191,0
EventID,0,43090.1,10276.6,303191,0
EventID,0,43090,10276.5,303191,0
EventID,0,43089.9,10276.5,303191,0
EventID,0,43089.5,10276.5,303191,0
EventID,0,43089.3,10276.5,303191,0
EventID,0,43089.3,10276.2,303191,0.092
EventID,0,43089.3,10276.1,303191,0
EventID,0,43089,10275.7,303190,0
EventID,0,43089.1,10275.4,303190,0.024
EventID,0,43089.1,10275.4,303190,0
EventID,0,43089,10275.4,303191,0
EventID,0,43089.2,10275.3,303191,0
EventID,0,43089.7,10275.6,303191,0
EventID,0,43089.7,10275.7,303191,0
EventID,0,43089.8,10275.7,303191,0
EventID,0,43089.8,10275.7,303191,0
EventID,0,43089.8,10275.7,303191,0
EventID,0,43090,10276,303191,0
EventID,0,43090,10276,303191,0
EventID,0,43090,10276,303191,0
EventID,0,43089.9,10276.2,303191,0
EventID,0,43089.9,10276.1,303191,0
EventID,0,43089.9,10276.1,303191,0
EventID,0,43089.9,10275.9,303191,0
EventID,0,43089.9,10275.9,303191,0
EventID,0,43089.7,10275.8,303191,0
EventID,0,43089.6,10275.8,303192,0
EventID,0,43089.4,10275.7,303192,0
EventID,0,43089.4,10275.7,303192,0
EventID,0,43089.4,10275.8,303192,0
EventID,0,43089.3,10276.1,303192,0
EventID,0,43089.2,10276.5,303193,0.092
EventID,0,43089.2,10276.6,303193,7.33548
EventID,0,43095.7,10271.5,303192,0
EventID,0,43095.7,10271.5,303192,0
EventID,0,43095.7,10271.5,303192,0
EventID,0,43095.8,10271.6,303192,0
EventID,0,43096,10271.7,303192,0
EventID,0,43096,10271.8,303192,0
EventID,0,43096.1,10271.6,303192,0
EventID,0,43096,10271.7,303192,0
EventID,0,43096,10271.8,303192,0
EventID,0,43096,10271.8,303192,0
EventID,0,43096.5,10272,303192,0
EventID,0,43096.5,10272,303193,0
EventID,0,43096.5,10271.8,303193,0
EventID,0,43096.6,10271.6,303193,0
EventID,0,43096.7,10271.6,303193,0
EventID,0,43096.5,10271.4,303193,0
EventID,0,43096.2,10271.5,303193,0
EventID,0,43096.3,10271.5,303193,0
EventID,0,43096.4,10271.4,303193,0
EventID,0,43096.4,10271.4,303193,0
EventID,0,43096.4,10271.4,303193,0
EventID,0,43096.5,10271.3,303193,0
EventID,0,43097,10271.1,303192,0
EventID,0,43096.9,10271.1,303193,0
EventID,0,43096.9,10271.1,303193,0
EventID,0,43096.8,10271.1,303193,0
EventID,0,43097,10272,303193,0
EventID,0,43097,10272,303193,0
EventID,0,43096.7,10272.2,303193,0
EventID,0,43096.5,10272.4,303193,0
EventID,0,43096.4,10272.7,303193,0
EventID,0,43096.3,10272.6,303193,0
EventID,0,43096.3,10272.6,303193,0
EventID,0,43096.7,10273.2,303194,0
EventID,0,43096.7,10273.2,303194,0
EventID,0,43096.6,10273.2,303194,0
EventID,0,43096.6,10273.2,303194,0
EventID,0,43096.6,10273.2,303194,0
EventID,0,43096.5,10273.3,303194,0.835
EventID,0,43096.5,10273.3,303194,0.417
EventID,0,43096.6,10273.3,303194,0
EventID,0,43096.7,10273.4,303195,0.024
EventID,0,43096.7,10273.5,303195,0.5
EventID,0,43096.8,10273.5,303195,0
EventID,0,43096.9,10273.9,303195,0.835
EventID,0,43096.9,10274.1,303195,0
EventID,0,43097,10274.5,303195,0
EventID,0,43097,10274.4,303195,0.024
EventID,0,43096.9,10274.4,303195,0
EventID,0,43096.9,10274.3,303195,0
EventID,0,43096.9,10274.3,303195,0
EventID,0,43097,10274,303195,0
EventID,0,43097,10274,303195,0
EventID,0,43097.2,10273.8,303195,0
EventID,0,43097.1,10273.8,303195,0
EventID,0,43097.2,10273.7,303195,0
EventID,0,43097.2,10273.7,303195,0.092
EventID,0,43097.1,10273.6,303195,0.417
EventID,0,43097,10273.6,303195,0
EventID,0,43096.9,10273.5,303195,0
EventID,0,43096.9,10273.5,303195,0.092
EventID,0,43096.9,10273.6,303195,0
EventID,0,43097,10274,303195,0
EventID,0,43096.8,10274.4,303195,0
EventID,0,43096.7,10274.8,303195,0
EventID,0,43096.7,10274.9,303195,0
EventID,0,43096.6,10274.8,303194,0
EventID,0,43096.8,10274.7,303194,0
EventID,0,43096.8,10274.7,303194,0
EventID,0,43096.9,10274.7,303194,0
EventID,0,43097,10274.7,303194,0
EventID,0,43097,10274.8,303194,0
EventID,0,43097,10274.8,303195,0
EventID,0,43096.9,10275.1,303195,0
EventID,0,43096.9,10275.1,303195,0.204
EventID,0,43097.1,10275.1,303194,0
EventID,0,43097.2,10275.1,303194,0
EventID,0,43097.2,10275,303194,0
EventID,0,43097.4,10275,303194,0
EventID,0,43097.3,10274.9,303194,0
EventID,0,43097.4,10275,303194,0.204
EventID,0,43097.3,10275.2,303194,0
EventID,0,43097.3,10275.5,303194,0
EventID,0,43097.3,10275.5,303194,0.417
EventID,0,43097.3,10275.5,303194,7.0241
EventID,0,43095.8,10271.3,303192,0.024
EventID,0,43095.9,10271.3,303192,0
EventID,0,43096.1,10270.5,303192,0
EventID,0,43096.4,10270.5,303192,0
EventID,0,43096.9,10270.7,303192,0
EventID,0,43096.9,10270.7,303192,0
EventID,0,43097,10270.8,303192,0
EventID,0,43097.3,10271,303191,0
EventID,0,43097.1,10270.9,303191,0
EventID,0,43097.1,10270.6,303191,0
EventID,0,43097,10270.6,303191,0
EventID,0,43097,10270.6,303191,0
EventID,0,43097.2,10270.4,303191,0
EventID,0,43097.2,10270.4,303191,0
EventID,0,43097.2,10270.4,303191,0
EventID,0,43097.3,10270.8,303191,0
EventID,0,43097.4,10270.9,303191,0
EventID,0,43097.5,10271,303191,0
EventID,0,43097.5,10271,303191,0
EventID,0,43097.6,10271.2,303191,0.092
EventID,0,43097.5,10271.2,303191,0.417
EventID,0,43097.5,10271.2,303191,0
EventID,0,43097.4,10271.2,303192,0.061
EventID,0,43097.4,10271.2,303191,0
EventID,0,43097.7,10271.1,303191,0
EventID,0,43097.7,10271.1,303191,0
EventID,0,43097.7,10271.2,303191,0.092
EventID,0,43097.7,10271.1,303191,0
EventID,0,43097.7,10271.1,303191,0
EventID,0,43097.8,10270.9,303191,0
EventID,0,43097.9,10270.9,303191,0
EventID,0,43098,10270.8,303191,0.024
EventID,0,43098.1,10270.7,303190,0
EventID,0,43098.1,10270.6,303190,0
EventID,0,43098.3,10270.4,303190,0
EventID,0,43098.5,10270.5,303190,0
EventID,0,43098.4,10270.6,303190,0
EventID,0,43098.3,10270.6,303190,0
EventID,0,43098.2,10270.6,303190,0
EventID,0,43098.1,10270.6,303190,0.061
EventID,0,43097.9,10271,303190,0
EventID,0,43097.9,10271.1,303190,0
EventID,0,43098,10271.2,303190,0
EventID,0,43098.2,10271.4,303190,0
EventID,0,43098.2,10271.3,303190,0
EventID,0,43098.1,10271.3,303190,0
EventID,0,43098.1,10271.6,303190,0
EventID,0,43098,10271.7,303190,0
EventID,0,43098,10271.7,303190,0
EventID,0,43098.1,10271.7,303190,0
EventID,0,43098.1,10271.6,303190,0.092
EventID,0,43098.1,10271.7,303190,0.024
EventID,0,43097.8,10271.7,303190,0
EventID,0,43097.5,10271.7,303190,0
EventID,0,43097.5,10271.7,303190,0
EventID,0,43097.8,10272.2,303190,0
EventID,0,43097.8,10272.1,303190,0
EventID,0,43097.8,10272,303190,0
EventID,0,43097.9,10272.1,303189,0
EventID,0,43098,10272,303189,0
EventID,0,43098,10272,303189,0.061
EventID,0,43097.4,10271.9,303190,0
EventID,0,43097.3,10271.9,303190,0
EventID,0,43097.2,10271.8,303190,0
EventID,0,43096.8,10271.6,303189,0
EventID,0,43096.8,10271.5,303189,0
EventID,0,43096.9,10271.4,303189,0
EventID,0,43096.9,10271.4,303189,0
EventID,0,43096.8,10271.3,303189,0
EventID,0,43096.8,10271.3,303189,0
EventID,0,43096.8,10271.3,303189,0
EventID,0,43096.9,10270.8,303190,0
EventID,0,43097.1,10270.8,303190,0
EventID,0,43097.1,10270.8,303190,0
EventID,0,43096.9,10270.8,303190,0
EventID,0,43096.9,10270.5,303190,0
EventID,0,43096.8,10270.3,303190,0
EventID,0,43097,10269.9,303190,0
EventID,0,43097,10269.9,303190,0
EventID,0,43097,10269.9,303190,0
EventID,0,43097,10270,303190,0
EventID,0,43097.2,10269.7,303190,0
EventID,0,43097.3,10269.4,303190,0.092
EventID,0,43097.4,10269.4,303190,0
EventID,0,43097.4,10269.4,303190,0
EventID,0,43097.2,10269.6,303189,0
EventID,0,43097.1,10269.5,303189,0
EventID,0,43097.2,10269.4,303189,0
EventID,0,43097.3,10269.3,303189,0
EventID,0,43097.3,10269.3,303189,0
EventID,0,43097.1,10269,303189,0
EventID,0,43097.1,10268.8,303189,0
EventID,0,43097.1,10268.9,303189,0
EventID,0,43097.2,10268.8,303189,0.024
EventID,0,43097.3,10268.7,303189,0
EventID,0,43097.5,10268.6,303189,0
EventID,0,43097.1,10267.8,303189,0
EventID,0,43097.1,10267.7,303189,0
EventID,0,43097.1,10267.7,303189,0
EventID,0,43097,10267.7,303189,0
EventID,0,43097,10267.6,303189,0.092
EventID,0,43096.6,10267.1,303189,0
EventID,0,43096.5,10267,303189,0
EventID,0,43096.7,10266.9,303189,0
EventID,0,43097,10267,303189,0
EventID,0,43097.1,10267,303189,0
EventID,0,43097.1,10267,303189,0
EventID,0,43097.1,10267,303189,0
EventID,0,43097.1,10267,303189,0
EventID,0,43097.2,10267,303189,0
EventID,0,43097.2,10266.9,303189,0
EventID,0,43097.1,10266.8,303189,0
EventID,0,43097.1,10266.9,303189,0
EventID,0,43097,10266.9,303189,0
EventID,0,43096.9,10266.9,303189,0
EventID,0,43096.9,10267,303189,0
EventID,0,43096.9,10266.9,303189,0
EventID,0,43096.9,10266.9,303189,0
EventID,0,43096.9,10266.9,303189,0
EventID,0,43096.7,10266.9,303189,0
EventID,0,43096.7,10266.9,303189,0
EventID,0,43096.7,10266.9,303189,0
EventID,0,43096.9,10266.8,303189,0
EventID,0,43096.9,10266.5,303189,0
EventID,0,43096.7,10266.3,303189,0.092
EventID,0,43096.8,10266.2,303189,0
EventID,0,43097.2,10265.6,303188,0.092
EventID,0,43097.3,10265.5,303188,0
EventID,0,43097.5,10265.3,303188,0
EventID,0,43097.6,10265.3,303188,0
EventID,0,43097.6,10265.3,303188,0
EventID,0,43097.7,10265.3,303188,0
EventID,0,43097.6,10265,303188,0
EventID,0,43097.6,10264.9,303188,0
EventID,0,43097.6,10265,303188,0
EventID,0,43097.6,10265,303188,0
EventID,0,43097.5,10264.9,303188,0
EventID,0,43097.5,10264.9,303188,0
EventID,0,43097.5,10264.9,303188,0.092
EventID,0,43097.2,10264.8,303188,0
EventID,0,43096.9,10264.8,303188,0
EventID,0,43096.9,10264.8,303188,0.092
EventID,0,43096.9,10264.7,303187,0
EventID,0,43096.9,10264.6,303187,0
EventID,0,43096.7,10264.9,303188,0
EventID,0,43096.7,10264.9,303188,0
EventID,0,43096.2,10264.9,303188,0
EventID,0,43096.1,10264.7,303188,0
EventID,0,43095.6,10264.6,303188,0.024
EventID,0,43095.5,10264.4,303188,0
EventID,0,43095.4,10264.2,303188,0
EventID,0,43095.3,10264.1,303188,0
EventID,0,43095.3,10264.1,303188,0
EventID,0,43095.3,10264,303188,0.024
EventID,0,43095.2,10263.9,303188,0
EventID,0,43095.2,10263.5,303187,0
EventID,0,43095.1,10263.6,303187,0
EventID,0,43095.1,10263.4,303187,0
EventID,0,43095.1,10263.4,303187,0
EventID,0,43095.7,10263.2,303187,0
EventID,0,43095.7,10263.2,303187,0
EventID,0,43095.7,10263.2,303187,0
EventID,0,43095.7,10263.2,303187,0
EventID,0,43095.8,10263.3,303186,0
EventID,0,43096,10263.3,303186,0.092
EventID,0,43096.5,10263.3,303186,0
EventID,0,43096.6,10263.3,303186,0
EventID,0,43096.6,10263.3,303186,0
EventID,0,43096.4,10263.3,303186,0
EventID,0,43096.8,10263.7,303186,0
EventID,0,43096.8,10263.8,303186,0
EventID,0,43096.7,10263.8,303186,0
EventID,0,43096.7,10263.8,303186,0
EventID,0,43096.7,10263.8,303186,0
EventID,0,43096.8,10263.8,303186,0
EventID,0,43096.9,10264,303186,0
EventID,0,43096.9,10263.9,303186,0.024
EventID,0,43096.8,10263.8,303186,0
EventID,0,43096.8,10263.5,303186,0
EventID,0,43096.8,10263.5,303186,0
EventID,0,43096.7,10263.4,303186,0
EventID,0,43096.7,10263.4,303186,0
EventID,0,43096.9,10263.5,303186,0
EventID,0,43097,10263.5,303186,0
EventID,0,43096.9,10263.5,303186,0
EventID,0,43096.9,10263.5,303186,0
EventID,0,43096.9,10263.7,303186,0
EventID,0,43096.9,10263.8,303186,0
EventID,0,43097,10263.8,303186,0
EventID,0,43097.1,10263.6,303186,0
EventID,0,43097.3,10263.6,303186,0
EventID,0,43097.3,10263.6,303186,0
EventID,0,43097.3,10263.6,303186,0
EventID,0,43097.3,10263.5,303186,0
EventID,0,43097.3,10263.5,303186,0
EventID,0,43097.1,10263.3,303186,0
EventID,0,43096.8,10263.3,303186,0.417
EventID,0,43096.8,10263.3,303186,7.31561
EventID,0,43095.8,10271,303192,0.024
EventID,0,43095.8,10270.9,303192,0
EventID,0,43095.8,10270.9,303192,0
EventID,0,43095.7,10270.8,303192,0.024
EventID,0,43095.6,10270.7,303192,0
EventID,0,43095.5,10270.6,303192,0
EventID,0,43095.4,10270.5,303192,0
EventID,0,43095.4,10270.5,303192,0
EventID,0,43095.3,10270.6,303192,0
EventID,0,43095.4,10270.6,303192,0
EventID,0,43094.8,10270.3,303192,0
EventID,0,43094.8,10270.3,303192,0
EventID,0,43094.8,10270.3,303192,0
EventID,0,43095,10270.3,303192,0
EventID,0,43095.2,10270.2,303192,0
EventID,0,43095.2,10270.3,303192,0
EventID,0,43095.4,10270.2,303192,0
EventID,0,43095.4,10270.2,303192,0
EventID,0,43095.4,10270.5,303192,0
EventID,0,43095.5,10270.5,303192,0
EventID,0,43095.6,10270.3,303193,0
EventID,0,43095.6,10270.4,303193,0
EventID,0,43095.6,10270.1,303192,0
EventID,0,43095.7,10270,303192,0
EventID,0,43095.7,10269.9,303192,0
EventID,0,43095.6,10269.9,303192,0
EventID,0,43095.6,10269.9,303192,0
EventID,0,43095.2,10269.6,303192,0
EventID,0,43095.2,10269.5,303192,0
EventID,0,43095.2,10269.5,303192,0
EventID,0,43095.2,10269.5,303192,0
EventID,0,43095.1,10269.6,303192,0
EventID,0,43095.5,10269.2,303192,0
EventID,0,43095.4,10269.2,303192,0
EventID,0,43095.1,10269.5,303192,0
EventID,0,43095.1,10269.5,303192,0
EventID,0,43095,10269.7,303191,0
EventID,0,43094.6,10269.8,303191,0.092
EventID,0,43094.6,10269.8,303191,0
EventID,0,43094.6,10269.8,303191,0
EventID,0,43094.5,10269.7,303191,0
EventID,0,43094.6,10269.5,303191,0
EventID,0,43094.6,10268.9,303191,0
EventID,0,43094.6,10269,303191,0
EventID,0,43094.5,10269.2,303191,0
EventID,0,43094.5,10269.3,303191,0
EventID,0,43094.6,10269.5,303191,0
EventID,0,43094.6,10269.5,303191,0
EventID,0,43094.6,10269.5,303191,0
EventID,0,43094.7,10269.5,303191,0
EventID,0,43095.1,10269.4,303190,0
EventID,0,43094.9,10269.3,303191,0.024
EventID,0,43095.1,10269,303191,0
EventID,0,43095.2,10269,303191,0
EventID,0,43095.4,10268.9,303191,0
EventID,0,43095.5,10268.9,303191,0
EventID,0,43095.6,10268.9,303191,0
EventID,0,43095.8,10268.9,303191,0
EventID,0,43095.8,10268.9,303191,0
EventID,0,43095.9,10268.9,303191,0
EventID,0,43095.9,10268.8,303191,0
EventID,0,43095.4,10268.6,303191,0
EventID,0,43095.4,10268.5,303191,0
EventID,0,43095.4,10268.5,303191,0
EventID,0,43095.3,10268.4,303191,0
EventID,0,43095.5,10268.3,303191,0
EventID,0,43095.6,10268.3,303191,0
EventID,0,43095.6,10268.4,303191,0
EventID,0,43095.9,10268.6,303191,0
EventID,0,43096.1,10268.7,303191,0
EventID,0,43096.2,10268.7,303191,0.204
EventID,0,43096.2,10268.8,303191,7.30202
EventID,0,43092.7,10252.9,303340,10.79
EventID,0,43092.7,10252.9,303340,2.88996
EventID,0,43092.7,10252.9,303340,1.60344
EventID,0,43092.2,10250.2,303362,0
EventID,0,43092.3,10250.2,303362,0
EventID,0,43092.1,10250.3,303362,0
EventID,0,43092.1,10250.4,303362,0
EventID,0,43092,10250.4,303362,0
EventID,0,43092.2,10250.1,303361,0
EventID,0,43092.2,10250.1,303361,0
EventID,0,43092.4,10250.2,303361,0
EventID,0,43093,10250,303362,0.204
EventID,0,43093,10250.3,303362,10.79
EventID,0,43093,10250.4,303361,6.68187
EventID,0,43093,10250.4,303361,0.185039
EventID,0,43074.3,10160.1,304084,0.024
EventID,0,43074.7,10160.3,304083,0
EventID,0,43074.8,10160.3,304083,0
EventID,0,43074.9,10160.3,304083,0
EventID,0,43074.9,10160.4,304082,0
EventID,0,43074.9,10160.4,304083,0
EventID,0,43074.8,10160.4,304083,0
EventID,0,43074.7,10160.7,304083,0
EventID,0,43074.8,10160.7,304083,0
EventID,0,43074.8,10160.8,304083,0.024
EventID,0,43074.6,10160.9,304083,0
EventID,0,43074,10161.3,304083,0
EventID,0,43073.9,10161.5,304083,0
EventID,0,43073.8,10161.5,304083,0
EventID,0,43073.3,10161,304083,0
EventID,0,43073.5,10160.4,304083,0
EventID,0,43073.7,10160.2,304083,0
EventID,0,43073.7,10160.2,304083,0
EventID,0,43073.5,10160,304083,0
EventID,0,43073.4,10160,304083,0
EventID,0,43073,10160.2,304083,0
EventID,0,43073,10160.2,304083,0
EventID,0,43073.3,10160.3,304083,0
EventID,0,43073.5,10160.4,304083,0
EventID,0,43073.5,10160.4,304083,0
EventID,0,43073.5,10160.5,304083,0
EventID,0,43073.4,10160.4,304083,0
EventID,0,43073.4,10160.6,304083,0
EventID,0,43073.4,10160.7,304083,0
EventID,0,43073.9,10160.9,304082,0
EventID,0,43073.8,10161.1,304082,0
EventID,0,43073.6,10161,304082,0
EventID,0,43073.6,10161,304082,0
EventID,0,43073.6,10161,304082,0
EventID,0,43073.7,10161,304081,0
EventID,0,43073.3,10160.8,304082,0.092
EventID,0,43073.1,10160.7,304082,0
EventID,0,43073,10160.7,304082,0
EventID,0,43072.9,10160.8,304082,0
EventID,0,43072.9,10160.8,304082,0
EventID,0,43073.1,10160.6,304082,0
EventID,0,43073.1,10160.5,304082,0
EventID,0,43073.1,10160.5,304082,0
EventID,0,43073.1,10160.3,304081,0
EventID,0,43073.1,10160.2,304081,0
EventID,0,43073.1,10159.6,304081,0
EventID,0,43073.5,10159.2,304081,0
EventID,0,43073.5,10159.3,304081,0
EventID,0,43073.5,10159.3,304081,0
EventID,0,43073.4,10159.3,304081,0
EventID,0,43073.3,10159.4,304081,0
EventID,0,43073.3,10159.9,304081,0
EventID,0,43073.9,10160.4,304082,10.79
EventID,0,43073.8,10160.3,304082,2.70067
EventID,0,43073.8,10160.3,304082,0.742878
EventID,0,43058.2,10082.9,304701,6.12966
EventID,0,43040.1,9995.92,305401,0
EventID,0,43040.3,9995.34,305401,0.092
EventID,0,43040.4,9995.32,305401,0
EventID,0,43040.4,9995.29,305400,0
EventID,0,43040.3,9995.38,305401,0
EventID,0,43040.6,9995.72,305401,0
EventID,0,43040.6,9995.74,305402,0
EventID,0,43040.7,9995.75,305402,0
EventID,0,43040.7,9995.81,305402,0
EventID,0,43040.4,9995.99,305402,0
EventID,0,43040.4,9996.08,305402,0
EventID,0,43040.3,9996.12,305402,0
EventID,0,43040.4,9996.13,305402,0
EventID,0,43040.4,9996.12,305402,0
EventID,0,43040.5,9996.14,305402,0.092
EventID,0,43040.5,9996.14,305402,0
EventID,0,43040.6,9996.09,305402,0
EventID,0,43040.8,9996.03,305402,0
EventID,0,43040.8,9995.91,305402,0
EventID,0,43040.8,9995.88,305402,0
EventID,0,43040.8,9995.84,305402,0.417
EventID,0,43040.7,9995.84,305402,0
EventID,0,43040.7,9995.83,305402,0.092
EventID,0,43040.7,9995.81,305402,0.092
EventID,0,43040.6,9995.6,305402,0
EventID,0,43040.6,9995.56,305402,0
EventID,0,43040.5,9995.43,305402,0
EventID,0,43040.4,9995.7,305402,0
EventID,0,43040.1,9995.71,305402,0
EventID,0,43039.9,9995.57,305402,0.092
EventID,0,43039.9,9995.6,305402,0.417
EventID,0,43039.9,9995.65,305402,0
EventID,0,43039.9,9995.66,305402,0
EventID,0,43039.9,9995.62,305402,0.061
EventID,0,43039.9,9995.47,305402,0
EventID,0,43039.9,9995.45,305402,0
EventID,0,43039.9,9995.5,305402,0
EventID,0,43039.7,9995.77,305402,0
EventID,0,43039.7,9995.81,305402,0
EventID,0,43039.7,9995.78,305402,0
EventID,0,43039.7,9995.77,305402,0.061
EventID,0,43039.6,9995.43,305402,0
EventID,0,43039.6,9995.24,305402,0
EventID,0,43039.6,9995.23,305402,0
EventID,0,43040,9995.41,305402,0
EventID,0,43040,9995.43,305402,0
EventID,0,43040.3,9995.44,305403,0
EventID,0,43040.2,9995.15,305403,0
EventID,0,43040.1,9994.96,305403,0.092
EventID,0,43040.2,9994.66,305403,0
EventID,0,43040.2,9994.62,305403,0
EventID,0,43040,9994.43,305403,0
EventID,0,43040,9994.14,305402,0
EventID,0,43039.7,9994.22,305402,0
EventID,0,43039.8,9994.33,305401,0
EventID,0,43039.8,9994.36,305401,0
EventID,0,43039.7,9994.23,305401,0
EventID,0,43039.7,9994.21,305401,0
EventID,0,43039.7,9994.21,305401,0
EventID,0,43039.6,9994.27,305401,0.092
EventID,0,43039.5,9994.3,305401,0
EventID,0,43039.5,9994.32,305401,0
EventID,0,43039.6,9994.92,305401,0
EventID,0,43039.6,9994.92,305401,0
EventID,0,43039.6,9994.93,305401,0
EventID,0,43039.5,9994.96,305401,0
EventID,0,43039.5,9994.99,305401,0
EventID,0,43039.5,9994.98,305401,0
EventID,0,43039.4,9994.97,305401,0.092
EventID,0,43039.1,9995.07,305401,0
EventID,0,43038.8,9995.12,305401,0
EventID,0,43038.6,9995.1,305401,0
EventID,0,43038.4,9994.98,305401,0
EventID,0,43038.4,9995.04,305400,0
EventID,0,43038.5,9995.19,305400,0
EventID,0,43038.6,9995.23,305400,0
EventID,0,43039,9995.29,305400,0.092
EventID,0,43039.3,9995.57,305400,0.092
EventID,0,43039.4,9995.65,305400,7.38924
EventID,0,43035.9,9976.92,305556,1.88691
EventID,0,43028.3,9940.81,305851,0
EventID,0,43028.3,9940.81,305851,0
EventID,0,43028.7,9940.98,305850,0
EventID,0,43028.7,9940.91,305850,0
EventID,0,43028.7,9940.85,305850,0
EventID,0,43028.6,9940.9,305850,0
EventID,0,43028.5,9941.16,305849,0
EventID,0,43028.4,9941.15,305849,0
EventID,0,43028.1,9940.77,305850,0
EventID,0,43028.2,9940.85,305849,0
EventID,0,43028.1,9941.28,305849,0
EventID,0,43028.2,9941.13,305849,10.79
EventID,0,43028.2,9940.95,305849,0
EventID,0,43028.2,9940.89,305849,0
EventID,0,43027.9,9940.61,305849,0
EventID,0,43027.9,9940.58,305849,0
EventID,0,43027.9,9940.51,305849,0.092
EventID,0,43027.9,9940.25,305849,0
EventID,0,43027.8,9940.02,305849,0.092
EventID,0,43027.8,9939.97,305849,0
EventID,0,43027.3,9939.48,305849,0
EventID,0,43027.4,9939.31,305850,0
EventID,0,43027.6,9939.1,305850,0.417
EventID,0,43028,9939.21,305850,0
EventID,0,43028,9939.24,305850,0.417
EventID,0,43028.1,9939.29,305851,0
EventID,0,43028.1,9939.31,305851,0
EventID,0,43028.4,9939.23,305851,0
EventID,0,43028.4,9939.23,305851,0.024
EventID,0,43028.5,9939.18,305851,0
EventID,0,43028.6,9939.16,305851,0.092
EventID,0,43028.6,9939.1,305851,0
EventID,0,43028.8,9938.74,305850,0
EventID,0,43028.8,9938.78,305850,10.79
EventID,0,43028.7,9939.09,305849,4.04862
EventID,0,43028.7,9939.09,305849,0.150743
EventID,0,43028.2,9940.95,305849,1.65323
EventID,0,43028.1,9939.83,305859,10.79
EventID,0,43028,9940.14,305859,6.76453
EventID,0,43028,9940.14,305859,2.53433
EventID,0,43003.4,9831.44,306721,0
EventID,0,43003.4,9831.41,306721,0
EventID,0,43003.4,9831.53,306721,0
EventID,0,43003.5,9831.63,306721,0
EventID,0,43003.3,9831.68,306721,0
EventID,0,43003.1,9831.5,306722,0
EventID,0,43003.1,9831.55,306722,0
EventID,0,43003.1,9831.35,306722,0
EventID,0,43002.7,9831.05,306722,0
EventID,0,43002.8,9831.05,306722,0
EventID,0,43002.8,9831.05,306722,0
EventID,0,43002.7,9830.84,306722,0
EventID,0,43002.5,9830.6,306722,0
EventID,0,43002.5,9830.59,306722,0
EventID,0,43002.5,9830.56,306722,0
EventID,0,43002.7,9830.47,306722,0
EventID,0,43002.7,9830.52,306722,0
EventID,0,43002.8,9830.56,306722,0
EventID,0,43003.1,9830.64,306722,0
EventID,0,43003.1,9830.73,306723,0
EventID,0,43003.3,9830.95,306723,0.092
EventID,0,43003.3,9830.94,306723,0.061
EventID,0,43003.4,9830.67,306722,0
EventID,0,43003.4,9830.62,306722,0
EventID,0,43003.7,9830.57,306722,0.204
EventID,0,43003.7,9830.56,306722,0
EventID,0,43003.6,9830.54,306722,0
EventID,0,43003.4,9830.3,306722,0
EventID,0,43003.9,9830.15,306723,0
EventID,0,43003.8,9830.2,306723,0
EventID,0,43003.8,9830.06,306722,0
EventID,0,43003.8,9830.05,306722,0.092
EventID,0,43003.7,9830.06,306722,0
EventID,0,43003.6,9830.13,306722,0
EventID,0,43003.6,9830.31,306722,0
EventID,0,43003.6,9830.38,306722,0
EventID,0,43003.7,9830.39,306722,0
EventID,0,43003.7,9829.69,306722,0
EventID,0,43004,9829.63,306721,0.092
EventID,0,43004,9829.63,306721,0
EventID,0,43004.1,9829.23,306721,0
EventID,0,43004.1,9829.23,306721,0
EventID,0,43004.4,9829.27,306721,0
EventID,0,43004.5,9829.27,306721,0.061
EventID,0,43004.4,9829.21,306721,0
EventID,0,43004.4,9829.2,306721,0
EventID,0,43004.4,9829.19,306721,0
EventID,0,43004.4,9829.25,306721,0
EventID,0,43004.5,9829.33,306721,0
EventID,0,43005.2,9829.2,306721,0
EventID,0,43005.2,9829.15,306721,0
EventID,0,43005.2,9829.21,306721,0
EventID,0,43005.1,9829.32,306721,0
EventID,0,43005.1,9829.36,306721,0
EventID,0,43005.1,9829.39,306721,0
EventID,0,43005,9829.93,306721,0
EventID,0,43004.9,9829.96,306721,0
EventID,0,43004.9,9830,306721,0.092
EventID,0,43004.9,9830.06,306721,0
EventID,0,43004.7,9830.29,306720,0
EventID,0,43004.8,9830.71,306721,0
EventID,0,43004.8,9830.86,306721,0
EventID,0,43004.8,9831.22,306721,0
EventID,0,43004.5,9831.62,306721,0
EventID,0,43004.3,9831.73,306720,0
EventID,0,43004.3,9831.72,306720,0
EventID,0,43004.4,9831.33,306721,0
EventID,0,43004.7,9831.26,306721,0
EventID,0,43004.9,9831.39,306721,0
EventID,0,43004.9,9831.36,306721,0
EventID,0,43005.2,9830.95,306721,0
EventID,0,43005.4,9830.31,306721,0
EventID,0,43005.6,9829.98,306721,0
EventID,0,43005.6,9830.1,306721,0
EventID,0,43005.5,9830.04,306721,0
EventID,0,43005.2,9829.58,306721,0.092
EventID,0,43005.1,9829.57,306721,0.092
EventID,0,43005,9829.56,306721,0
EventID,0,43004.9,9829.54,306721,0
EventID,0,43004.8,9829.5,306721,0
EventID,0,43004.7,9829.18,306721,0
EventID,0,43005,9828.65,306721,0
EventID,0,43004.9,9828.53,306721,0
EventID,0,43005,9828.63,306721,0.092
EventID,0,43005,9828.64,306721,0.024
EventID,0,43005.7,9829.11,306721,0
EventID,0,43005.8,9829.19,306722,0
EventID,0,43005.7,9829.19,306722,0
EventID,0,43005.6,9829.19,306722,0
EventID,0,43005.6,9829.19,306722,0
EventID,0,43005.5,9829.16,306723,0
EventID,0,43005.5,9829.19,306723,0
EventID,0,43005.5,9829.31,306723,0
EventID,0,43005.1,9829.75,306723,0
EventID,0,43005.1,9829.75,306723,0
EventID,0,43005.1,9829.84,306722,0
EventID,0,43004.6,9829.89,306722,0.417
EventID,0,43004.6,9829.95,306722,0
EventID,0,43004.6,9830,306722,0
EventID,0,43004.7,9829.73,306722,0
EventID,0,43004.6,9829.85,306722,0
EventID,0,43004.6,9830.1,306722,0
EventID,0,43004.6,9830.13,306722,0
EventID,0,43005.3,9830.49,306721,0.092
EventID,0,43005.5,9830.44,306721,0
EventID,0,43005.5,9830.43,306721,0
EventID,0,43005.5,9830.43,306721,0
EventID,0,43005.5,9830.59,306721,0
EventID,0,43005.5,9830.58,306721,0
EventID,0,43005.5,9830.61,306721,0.092
EventID,0,43006,9830.55,306722,0
EventID,0,43006.1,9830.55,306722,0
EventID,0,43006.1,9830.54,306722,0
EventID,0,43006.1,9830.57,306722,0
EventID,0,43006.1,9830.52,306722,0.092
EventID,0,43006.1,9830.5,306722,0
EventID,0,43006.1,9830.48,306722,0
EventID,0,43006,9830.42,306722,0
EventID,0,43006,9830.39,306722,0
EventID,0,43006.1,9830.39,306722,0
EventID,0,43006.2,9830.4,306722,0.204
EventID,0,43006.2,9830.41,306722,7.32815
EventID,0,43001.4,9822.01,306796,0
EventID,0,43001.5,9821.99,306797,0
EventID,0,43001.8,9823.08,306797,0
EventID,0,43001.8,9823.08,306797,0
EventID,0,43001.6,9823.11,306798,0
EventID,0,43001.9,9823.26,306798,0
EventID,0,43001.9,9823.23,306797,0
EventID,0,43002.4,9823.34,306797,0
EventID,0,43002.6,9823.23,306797,0
EventID,0,43002.7,9823.2,306798,0
EventID,0,43003.1,9823.24,306798,0
EventID,0,43003.3,9822.94,306798,0
EventID,0,43003.3,9822.93,306798,0.024
EventID,0,43003.3,9822.87,306798,0
EventID,0,43003.3,9822.84,306798,0
EventID,0,43003.3,9822.79,306797,0
EventID,0,43003.3,9822.77,306797,0
EventID,0,43003.5,9822.81,306797,0
EventID,0,43003.8,9822.75,306798,0
EventID,0,43003.6,9822.9,306798,0.204
EventID,0,43003.5,9822.97,306798,0
EventID,0,43003.3,9823.05,306798,0
EventID,0,43002.8,9823.08,306797,0
EventID,0,43002.7,9823.13,306797,0
EventID,0,43002.2,9823.28,306798,0
EventID,0,43001.9,9823.87,306798,0
EventID,0,43002.4,9824.51,306798,10
EventID,0,43002.4,9824.51,306798,6.93534
