cellID,totalCellDose,statisticalError,nucleusDose,statisticalError
4,1.51338e-07,2.96593e-07,0,0
6,1.60545e-08,3.14636e-08,1.28436e-07,2.51709e-07
17,1.46398e-08,2.86912e-08,1.17119e-07,2.29529e-07
22,1.954e-08,3.82945e-08,1.5632e-07,3.06356e-07
26,1.13695e-08,2.22819e-08,9.09556e-08,1.78255e-07
29,7.54587e-10,1.47884e-09,6.03669e-09,1.18307e-08
51,2.25355e-07,2.32624e-07,2.42574e-07,2.61959e-07
79,2.94532e-09,5.77226e-09,2.35626e-08,4.61781e-08
101,2.17409e-07,2.59293e-07,5.16429e-07,6.34957e-07
132,1.44374e-07,2.44191e-07,0,0
139,4.03738e-08,6.13081e-08,1.88183e-07,2.6112e-07
159,8.22433e-09,1.61181e-08,6.57947e-08,1.28945e-07
172,6.70766e-08,1.31457e-07,0,0
175,1.75933e-08,3.44794e-08,1.40746e-07,2.75836e-07
208,2.04991e-08,3.35278e-08,3.05865e-08,5.99436e-08
225,1.97797e-07,2.90588e-07,1.92252e-07,3.11363e-07
251,2.35377e-08,4.61294e-08,1.88302e-07,3.69035e-07
293,1.31681e-08,2.58069e-08,1.2825e-08,2.51345e-08
304,8.58734e-07,5.91941e-07,1.54308e-06,1.10127e-06
314,6.58376e-08,7.53203e-08,3.90665e-07,3.91357e-07
344,4.32081e-06,9.61819e-07,1.05826e-05,2.2626e-06
350,3.02933e-09,5.9369e-09,0,0
354,2.40672e-07,1.4451e-07,7.07431e-07,4.09594e-07
391,9.27714e-08,1.76639e-07,0,0
470,3.78716e-08,5.07209e-08,1.12462e-07,1.58996e-07
499,2.16689e-07,2.9528e-07,1.09517e-06,1.97863e-06
522,2.37076e-08,2.68479e-08,1.89661e-07,2.14783e-07
534,4.89988e-09,9.60281e-09,3.9199e-08,7.68224e-08
556,4.00262e-07,3.91467e-07,7.69548e-07,5.60506e-07
588,2.01129e-07,3.65524e-07,3.03209e-07,3.8817e-07
633,1.81261e-07,1.35863e-07,6.22002e-07,4.22973e-07
658,8.41746e-08,7.8388e-08,1.77929e-07,2.57378e-07
661,3.33272e-08,6.53149e-08,0,0
699,4.51394e-09,8.84643e-09,3.61115e-08,7.07715e-08
704,5.74244e-09,1.12541e-08,4.59395e-08,9.00324e-08
717,1.53808e-07,9.55045e-08,4.79234e-07,3.92848e-07
734,1.31284e-08,2.57292e-08,1.05027e-07,2.05833e-07
746,2.85088e-07,1.76856e-07,5.87277e-07,3.34187e-07
763,6.19267e-07,3.64924e-07,1.52105e-06,9.82536e-07
767,2.51989e-07,2.37375e-07,2.66369e-07,2.27433e-07
768,3.2927e-09,6.45304e-09,2.63416e-08,5.16243e-08
770,3.58723e-08,5.18485e-08,2.86979e-07,4.14788e-07
773,4.4649e-08,8.75034e-08,0,0
802,1.03564e-08,2.02966e-08,0,0
831,5.01582e-09,9.83002e-09,4.01266e-08,7.86402e-08
846,9.94436e-08,1.44266e-07,7.68463e-08,1.07208e-07
884,2.53645e-07,2.58258e-07,1.53791e-07,2.20127e-07
936,4.33973e-09,8.50502e-09,3.47178e-08,6.80402e-08
961,3.76822e-08,7.38498e-08,0,0
977,7.1815e-08,4.98913e-08,5.72882e-07,3.97773e-07
980,2.05585e-07,1.45412e-07,5.11502e-07,3.68238e-07
1032,6.41294e-09,1.25681e-08,5.13035e-08,1.00545e-07
1075,2.76317e-07,3.13103e-07,7.87765e-07,8.7103e-07
1077,7.60098e-09,1.48964e-08,6.08078e-08,1.19171e-07
1094,1.35361e-09,2.65281e-09,1.02358e-08,2.00602e-08
1116,2.65146e-07,1.64705e-07,9.33557e-07,4.58053e-07
1145,4.05393e-09,7.9449e-09,3.24314e-08,6.35592e-08
1176,5.61948e-08,6.29574e-08,4.49558e-07,5.0366e-07
1201,2.79241e-07,5.20165e-07,6.38961e-07,1.04183e-06
1203,3.63711e-08,5.62874e-08,0,0
1207,8.09238e-08,8.73946e-08,4.56164e-07,5.90344e-07
1216,1.397e-07,1.12651e-07,2.88788e-07,2.69822e-07
1288,1.19403e-08,2.34007e-08,9.55226e-08,1.87206e-07
1299,2.40793e-07,2.01173e-07,6.86836e-07,7.26736e-07
1306,1.88316e-09,3.69063e-09,1.50653e-08,2.9525e-08
1309,4.35147e-09,8.52802e-09,3.48117e-08,6.82242e-08
1340,3.0251e-08,5.92861e-08,3.1031e-08,6.08146e-08
1354,2.64022e-09,5.17431e-09,2.11218e-08,4.13945e-08
1357,4.56075e-07,2.53035e-07,1.43004e-06,7.78966e-07
1375,1.18358e-07,1.07365e-07,3.85614e-07,4.0109e-07
1376,4.41277e-08,5.61551e-08,8.59225e-08,1.13237e-07
1389,1.98327e-07,2.22287e-07,7.90601e-07,8.54168e-07
1392,6.09509e-08,1.19452e-07,1.46824e-07,2.87746e-07
1406,2.75595e-08,4.44967e-08,4.43195e-08,8.68576e-08
1442,7.03545e-07,3.21456e-07,2.03374e-06,8.953e-07
1443,1.20935e-06,4.88183e-07,2.57824e-06,8.93604e-07
1444,2.72549e-08,5.34142e-08,0,0
1450,5.41725e-07,5.41186e-07,1.57041e-06,2.7688e-06
1467,3.07418e-08,6.02478e-08,0,0
1504,6.23766e-08,8.69851e-08,2.21245e-07,4.33597e-07
1537,6.97748e-07,4.79007e-07,7.81924e-07,4.45568e-07
1543,6.37512e-07,3.83807e-07,1.42087e-06,9.37654e-07
1550,6.28404e-08,1.04218e-07,7.9272e-08,1.55358e-07
1554,1.26718e-07,1.03771e-07,3.48027e-07,2.82841e-07
1603,1.18631e-07,1.80439e-07,3.18916e-07,4.22336e-07
1624,2.59303e-07,3.32688e-07,8.19807e-07,6.44254e-07
1650,1.36272e-08,2.42592e-08,1.09017e-07,1.94073e-07
1652,5.33596e-08,9.88405e-08,2.41227e-08,4.72757e-08
1656,6.25371e-08,7.18487e-08,2.02407e-07,2.62451e-07
1676,5.66812e-08,6.85705e-08,6.35007e-08,9.23752e-08
1691,3.3606e-08,6.58612e-08,4.01106e-08,7.8609e-08
1704,1.72749e-08,2.7376e-08,3.07595e-08,6.02825e-08
1715,1.61442e-07,2.67794e-07,7.99256e-07,1.44699e-06
1720,7.05274e-09,1.3822e-08,5.6422e-08,1.10576e-07
1744,2.76476e-08,4.45156e-08,4.51581e-08,8.8501e-08
1779,5.09184e-07,2.96559e-07,7.48076e-07,5.24099e-07
1817,4.58691e-09,8.98945e-09,3.66953e-08,7.19156e-08
1819,2.70946e-08,3.31428e-08,1.81609e-07,2.43143e-07
1832,3.35905e-08,5.2259e-08,6.57834e-08,1.28923e-07
1867,8.25406e-09,1.61763e-08,6.60325e-08,1.29411e-07
1955,2.69898e-07,2.77167e-07,3.10271e-07,4.37904e-07
1980,1.37493e-06,4.75807e-07,4.12788e-06,1.48972e-06
1992,3.70665e-08,7.2643e-08,0,0
2013,2.39811e-07,2.44116e-07,1.37967e-06,1.34932e-06
2027,3.57425e-09,7.00483e-09,2.8594e-08,5.60386e-08
2065,6.38828e-08,1.25198e-07,3.9266e-07,7.69537e-07
2088,1.95022e-08,3.82204e-08,0,0
2104,2.23128e-09,4.37288e-09,1.78503e-08,3.4983e-08
2117,2.08941e-08,4.09484e-08,0,0
2149,1.76081e-07,3.45085e-07,4.81415e-07,9.4348e-07
2164,6.21832e-07,4.89733e-07,1.8528e-06,1.58573e-06
2169,3.27284e-09,6.41412e-09,2.61827e-08,5.1313e-08
2173,5.94992e-10,1.16607e-09,4.75993e-09,9.32854e-09
2182,3.21882e-08,4.78912e-08,0,0
2190,6.84846e-07,3.54599e-07,2.16965e-06,1.44702e-06
2197,6.15412e-08,4.78952e-08,3.33269e-07,3.101e-07
2199,1.9312e-08,3.78477e-08,3.33789e-08,6.54161e-08
2211,4.30156e-09,8.43022e-09,3.44125e-08,6.74418e-08
2214,3.83413e-07,3.15383e-07,6.78754e-07,4.98057e-07
2226,2.57692e-07,2.14504e-07,7.05396e-07,8.77777e-07
2229,2.61714e-07,3.0869e-07,1.07082e-06,1.87088e-06
2235,6.02888e-09,1.18154e-08,4.8231e-08,9.45233e-08
2250,2.55548e-08,2.83984e-08,1.13767e-07,1.4161e-07
2271,6.01857e-08,5.4441e-08,4.81486e-07,4.35528e-07
2292,3.04831e-06,7.9371e-07,8.80844e-06,2.50616e-06
2297,1.89946e-07,3.48821e-07,3.39164e-07,4.93166e-07
2298,1.01561e-08,1.9904e-08,8.12488e-08,1.59232e-07
2303,1.3277e-07,2.31099e-07,1.27424e-07,2.49726e-07
2334,2.16544e-07,1.65482e-07,9.74019e-07,9.91083e-07
2369,1.41927e-08,2.12464e-08,3.3564e-08,6.57788e-08
2396,5.1173e-08,3.87151e-08,3.42519e-07,2.80695e-07
2403,4.55984e-07,3.16702e-07,1.02761e-06,1.08381e-06
2405,4.70962e-08,6.07498e-08,4.50404e-08,8.82703e-08
2409,5.87069e-08,6.25817e-08,4.67611e-07,4.99587e-07
2411,2.05611e-08,2.87815e-08,1.64489e-07,2.30252e-07
2414,3.04033e-08,5.20515e-08,2.43227e-07,4.16412e-07
2431,2.99319e-08,4.88365e-08,4.53109e-08,8.88004e-08
2437,2.28929e-07,4.36012e-07,7.66671e-07,1.40362e-06
2446,6.29511e-08,5.59478e-08,3.38437e-07,3.67551e-07
2452,3.86795e-09,7.58043e-09,3.09436e-08,6.06435e-08
2458,3.27994e-08,6.42803e-08,0,0
2461,5.1959e-08,7.33395e-08,1.98889e-07,2.1323e-07
2506,1.73029e-08,3.39103e-08,0,0
2532,2.53924e-08,4.9764e-08,0,0
2541,1.9925e-07,2.02615e-07,2.6253e-07,2.5351e-07
2578,3.54407e-08,6.94568e-08,0,0
2595,3.85936e-08,5.15134e-08,1.32308e-07,2.24271e-07
2599,2.01765e-07,1.64761e-07,3.62406e-07,3.05996e-07
2606,6.46797e-09,1.2676e-08,5.17438e-08,1.01408e-07
2618,8.87668e-08,7.72046e-08,3.07332e-07,2.47467e-07
2619,1.77024e-09,3.46933e-09,1.4162e-08,2.77547e-08
2656,5.52096e-09,1.082e-08,4.41676e-08,8.65599e-08
2657,7.63076e-07,4.42219e-07,1.63221e-06,1.11416e-06
2676,1.29912e-08,2.54602e-08,1.0393e-07,2.03682e-07
2678,3.02992e-07,1.8476e-07,8.38437e-07,8.3618e-07
2682,4.7304e-07,3.91221e-07,2.08108e-06,2.55834e-06
2689,2.43944e-07,4.75729e-07,9.6192e-09,1.34589e-08
2732,6.68406e-09,1.30994e-08,5.34725e-08,1.04796e-07
2754,9.86395e-08,7.83452e-08,3.64703e-07,2.77925e-07
2759,6.20183e-08,8.75668e-08,3.39401e-07,6.65159e-07
2760,6.57476e-09,8.16886e-09,5.25981e-08,6.53509e-08
2792,3.94521e-08,6.97289e-08,3.2879e-08,6.44364e-08
2807,6.24418e-07,4.47704e-07,9.03884e-07,6.35151e-07
2847,8.6038e-08,1.48399e-07,0,0
2849,5.03269e-09,9.86308e-09,4.02615e-08,7.89046e-08
2881,4.65256e-08,5.28244e-08,2.55515e-07,2.42793e-07
2899,1.6353e-08,1.93458e-08,1.30824e-07,1.54766e-07
2911,3.87979e-08,4.99619e-08,1.17835e-07,1.31886e-07
2923,3.32327e-08,6.51296e-08,0,0
2963,1.03606e-07,2.03047e-07,0,0
2964,2.64951e-08,5.19251e-08,0,0
2975,7.51228e-09,1.47226e-08,6.00982e-08,1.17781e-07
2990,2.37478e-08,4.65411e-08,0,0
2991,4.14016e-07,2.39915e-07,9.24118e-07,5.24981e-07
3004,4.74403e-08,9.29738e-08,2.13701e-07,4.18813e-07
3035,1.70577e-08,3.34298e-08,1.36462e-07,2.67438e-07
3067,1.60964e-07,1.55009e-07,1.97668e-07,1.73045e-07
3075,2.98055e-08,4.45607e-08,7.89281e-08,1.54684e-07
3087,9.3154e-08,1.82564e-07,5.38568e-08,1.05549e-07
3097,7.03554e-09,1.37883e-08,5.62843e-08,1.10306e-07
3117,2.75323e-08,5.3958e-08,0,0
3121,6.40503e-07,2.81013e-07,1.794e-06,7.93611e-07
3127,1.3083e-07,9.23571e-08,5.28732e-07,4.29383e-07
3132,6.32022e-07,2.51647e-07,2.19357e-06,8.04249e-07
3139,5.8251e-07,4.56323e-07,1.80094e-06,1.63874e-06
3148,1.45856e-08,2.85848e-08,1.16685e-07,2.28679e-07
3149,1.00119e-06,4.01729e-07,3.65111e-06,1.59937e-06
3209,1.43269e-07,2.69938e-07,4.51738e-08,8.85317e-08
3216,7.28851e-08,7.64159e-08,3.83895e-07,4.29459e-07
3220,3.94002e-09,7.72167e-09,3.15202e-08,6.17734e-08
3233,3.00285e-08,5.885e-08,0,0
3251,1.34122e-08,2.62853e-08,1.07297e-07,2.10282e-07
3278,6.21758e-07,3.8449e-07,1.60278e-06,8.70494e-07
3279,4.41983e-08,7.26171e-08,6.4179e-08,1.25778e-07
3300,1.06255e-06,4.95696e-07,2.69847e-06,2.22551e-06
3308,1.60425e-09,3.14401e-09,1.2834e-08,2.51521e-08
3322,1.64331e-08,2.28321e-08,1.31465e-07,1.82657e-07
3329,5.10263e-09,1.00002e-08,4.08211e-08,8.00013e-08
3335,2.15997e-08,4.23312e-08,0,0
3344,2.48501e-06,5.63513e-07,8.45973e-06,2.45327e-06
3374,3.5288e-07,3.92072e-07,1.02658e-06,1.13034e-06
3384,1.37923e-07,1.47958e-07,8.3413e-07,1.0597e-06
3394,9.00072e-10,1.76396e-09,7.20057e-09,1.41117e-08
3398,2.55091e-06,7.2883e-07,9.03975e-06,3.28855e-06
3407,2.55825e-07,5.01367e-07,0,0
3409,3.95737e-08,5.03604e-08,1.60924e-07,2.63216e-07
3421,1.22877e-08,2.40814e-08,9.83012e-08,1.92651e-07
3446,9.98163e-08,8.73022e-08,3.14979e-07,3.51922e-07
3447,4.46258e-07,3.44527e-07,1.21319e-06,1.04394e-06
3472,3.0419e-08,4.04918e-08,9.11164e-08,1.26257e-07
3476,3.75711e-08,7.36319e-08,1.72028e-07,3.37142e-07
3493,1.57125e-08,2.50859e-08,1.257e-07,2.00687e-07
3500,1.988e-07,2.13002e-07,5.22646e-07,7.5561e-07
3515,5.20763e-08,1.02059e-07,0,0
3547,1.24238e-07,1.51472e-07,1.40233e-08,2.74828e-08
3559,9.28254e-09,1.8192e-08,7.42603e-08,1.45536e-07
3569,5.88945e-08,7.74043e-08,1.01372e-07,1.40467e-07
3575,2.27085e-09,3.65711e-09,1.81668e-08,2.92568e-08
3583,3.25027e-08,5.4381e-08,2.53975e-07,4.3489e-07
3594,8.14506e-09,1.59627e-08,6.51605e-08,1.27702e-07
3605,1.20633e-07,8.77714e-08,4.35114e-07,3.86167e-07
3611,2.13769e-08,2.18551e-08,1.71015e-07,1.74841e-07
3614,3.00469e-07,4.219e-07,8.49681e-07,1.42983e-06
3617,1.68241e-08,3.2972e-08,1.34593e-07,2.63776e-07
3623,5.50762e-09,1.07939e-08,4.4061e-08,8.63509e-08
3630,3.96427e-08,6.78525e-08,1.50967e-07,2.27077e-07
3631,1.71226e-09,3.35569e-09,1.36981e-08,2.68455e-08
3632,1.63318e-07,1.60224e-07,4.03473e-07,4.39105e-07
3637,4.79339e-08,6.74724e-08,9.85115e-08,1.41891e-07
3649,1.98673e-07,3.89359e-07,0,0
3650,1.89802e-07,1.6563e-07,4.9985e-08,6.47257e-08
3659,9.98257e-08,1.41525e-07,1.65953e-07,1.82201e-07
3663,8.99549e-08,1.6941e-07,0,0
3666,4.45319e-10,8.72738e-10,3.56255e-09,6.9819e-09
3673,2.14475e-08,4.20329e-08,0,0
3677,2.22651e-09,4.36352e-09,1.78121e-08,3.49081e-08
3681,9.9825e-08,1.57175e-07,1.73036e-07,2.79631e-07
3683,2.80295e-09,5.49324e-09,2.24236e-08,4.39459e-08
3692,2.42302e-08,4.74863e-08,0,0
3703,2.47618e-08,4.85284e-08,1.97551e-07,3.87162e-07
3712,1.40375e-07,1.24073e-07,5.12505e-07,5.09514e-07
3718,1.14551e-08,2.24498e-08,9.16411e-08,1.79599e-07
3719,2.23112e-08,2.2985e-08,1.78489e-07,1.8388e-07
3727,7.47068e-08,9.06731e-08,8.59831e-08,1.17043e-07
3735,2.99587e-08,4.57606e-08,2.39669e-07,3.66085e-07
3742,1.20569e-08,2.36291e-08,0,0
3746,6.58933e-09,9.96579e-09,5.27146e-08,7.97263e-08
3751,7.44881e-07,4.92533e-07,2.9217e-06,2.74813e-06
3755,1.67089e-08,2.06536e-08,1.33671e-07,1.65229e-07
3759,1.84381e-07,1.17754e-07,7.64813e-07,5.39508e-07
3782,2.15619e-07,2.39557e-07,4.86363e-07,6.87511e-07
3790,1.35697e-08,2.01757e-08,1.08557e-07,1.61406e-07
3794,6.345e-09,1.2435e-08,5.076e-08,9.94796e-08
3802,5.55209e-08,1.0881e-07,0,0
3811,2.09503e-08,4.10585e-08,0,0
3816,1.51843e-09,2.97582e-09,1.21474e-08,2.38065e-08
3817,1.56498e-08,1.81147e-08,1.25199e-07,1.44918e-07
3836,1.60088e-07,1.77108e-07,3.253e-07,2.89805e-07
3849,1.1383e-08,2.23085e-08,9.10643e-08,1.78468e-07
3853,1.30385e-07,9.19295e-08,7.14823e-07,5.40287e-07
3874,6.25526e-07,5.9398e-07,2.04459e-06,2.40834e-06
3888,2.66613e-07,1.97982e-07,7.25028e-07,8.48165e-07
3890,2.75917e-07,4.16083e-07,6.85177e-07,7.91791e-07
3894,4.91282e-08,8.13813e-08,1.94915e-07,2.71673e-07
3896,3.73603e-08,4.06614e-08,1.6272e-07,1.86115e-07
3908,7.23683e-08,1.41828e-07,5.78946e-07,1.13462e-06
3912,1.57337e-07,1.09614e-07,3.7145e-07,3.39593e-07
3913,3.32851e-08,3.73811e-08,2.66281e-07,2.99049e-07
3915,1.30705e-07,2.10923e-07,1.95734e-07,2.70423e-07
3920,2.85132e-08,5.58802e-08,0,0
3922,5.89012e-08,1.15435e-07,0,0
3936,3.96407e-08,7.7688e-08,4.63975e-09,9.093e-09
3962,1.78535e-07,3.19033e-07,1.2937e-07,1.84804e-07
3968,2.9082e-08,5.69949e-08,0,0
3974,2.79415e-09,5.47599e-09,2.23532e-08,4.38079e-08
3982,3.29135e-08,5.07764e-08,6.72295e-08,1.31757e-07
3988,1.15567e-07,9.09918e-08,3.60015e-07,3.88154e-07
4003,5.07583e-08,4.16905e-08,1.87391e-07,1.86051e-07
4012,3.14888e-08,4.39123e-08,0,0
4029,1.13071e-07,7.85127e-08,4.50903e-07,4.02434e-07
4036,4.13938e-09,8.11236e-09,3.3115e-08,6.48989e-08
4045,1.87945e-07,3.12414e-07,2.4015e-07,3.41047e-07
4065,1.49795e-08,2.29637e-08,1.19836e-07,1.8371e-07
4080,1.56338e-07,1.71289e-07,2.75374e-07,2.38344e-07
4094,1.7646e-08,3.45827e-08,0,0
4096,5.92846e-07,3.31342e-07,1.39831e-06,6.8899e-07
4098,1.10195e-07,1.98383e-07,7.52422e-08,1.4746e-07
4101,1.99601e-08,2.1389e-08,1.59681e-07,1.71112e-07
4105,5.8887e-08,1.04894e-07,4.53094e-08,8.87975e-08
4138,8.26015e-07,3.38397e-07,2.01327e-06,1.25909e-06
4148,8.67731e-09,1.40017e-08,6.94185e-08,1.12014e-07
4154,3.3334e-07,3.22143e-07,2.0018e-07,1.8589e-07
4155,7.20022e-08,9.11298e-08,2.32797e-07,2.81371e-07
4161,5.13129e-08,6.02398e-08,0,0
4163,6.55149e-07,4.9835e-07,1.63188e-06,1.46391e-06
4169,6.27863e-07,4.73887e-07,2.75602e-06,2.90411e-06
4171,9.53466e-08,1.50619e-07,1.72643e-07,3.38346e-07
4185,1.13626e-08,1.61935e-08,9.09005e-08,1.29548e-07
4194,1.81851e-07,1.83371e-07,1.06958e-06,1.32858e-06
4200,1.9936e-07,1.99505e-07,1.22957e-06,1.52845e-06
4207,7.30532e-08,1.4317e-07,1.38377e-07,2.71192e-07
4210,3.62381e-08,5.06691e-08,5.76069e-08,1.12898e-07
4213,5.2754e-08,8.99625e-08,5.96695e-08,1.16941e-07
4228,1.56901e-07,1.25291e-07,2.47936e-07,2.93408e-07
4231,4.10782e-06,1.09162e-06,1.23861e-05,2.87579e-06
4236,6.32458e-09,8.91805e-09,5.05966e-08,7.13444e-08
4244,2.9016e-07,3.27994e-07,2.15371e-07,3.66412e-07
4254,5.28504e-09,1.03576e-08,4.22803e-08,8.28611e-08
4258,5.34221e-08,1.04697e-07,3.02095e-08,5.92047e-08
4260,6.53847e-09,9.4855e-09,5.23078e-08,7.5884e-08
4261,1.18328e-08,2.319e-08,0,0
4267,7.86367e-08,1.44283e-07,5.87507e-07,1.1514e-06
4273,1.65798e-06,5.27559e-07,7.55299e-06,2.8945e-06
4280,5.6375e-07,3.68413e-07,8.65771e-07,4.39223e-07
4284,1.07412e-08,2.10507e-08,0,0
4289,1.41226e-09,2.76775e-09,1.12981e-08,2.2142e-08
4290,7.10269e-08,1.37041e-07,8.87707e-09,1.73973e-08
4299,1.53604e-08,3.01033e-08,1.32091e-08,2.58873e-08
4301,7.07395e-07,3.43971e-07,1.65995e-06,7.47941e-07
4312,2.66634e-08,5.22551e-08,1.03377e-07,2.02598e-07
4321,4.56725e-08,8.95091e-08,0,0
4326,9.39273e-08,8.82981e-08,2.4979e-07,2.49786e-07
4327,7.43138e-09,1.4564e-08,5.9451e-08,1.16512e-07
4329,1.85342e-07,3.48219e-07,6.26616e-08,1.22804e-07
4333,1.61794e-08,3.17085e-08,3.67155e-08,7.19552e-08
4336,2.56727e-09,5.03134e-09,2.05381e-08,4.02507e-08
4341,6.8626e-09,1.34493e-08,5.49008e-08,1.07595e-07
4346,1.66167e-07,1.91211e-07,2.10023e-07,2.38735e-07
4357,1.75143e-09,3.43246e-09,1.40115e-08,2.74597e-08
4360,6.01481e-08,5.63915e-08,3.38928e-07,3.54778e-07
4368,9.93091e-07,4.53773e-07,2.84968e-06,1.27927e-06
4369,8.33756e-09,1.634e-08,6.67005e-08,1.3072e-07
4383,2.81869e-07,2.1712e-07,4.44499e-07,3.19698e-07
4384,2.53243e-08,3.77831e-08,2.02594e-07,3.02265e-07
4385,3.30267e-07,2.45194e-07,1.04709e-06,5.18017e-07
4388,1.11627e-08,1.54839e-08,8.93016e-08,1.23872e-07
4389,2.59778e-07,3.64332e-07,3.33883e-07,3.68321e-07
4390,3.22523e-07,6.02993e-07,1.70444e-06,3.34037e-06
4394,3.21882e-08,6.30826e-08,0,0
4401,4.37407e-07,2.2698e-07,8.44147e-07,6.23478e-07
4406,5.19635e-08,7.92593e-08,1.54721e-07,1.76782e-07
4408,3.1352e-07,3.32264e-07,1.13895e-06,1.9615e-06
4417,1.47764e-08,2.21407e-08,3.41016e-08,6.68325e-08
4424,1.65322e-09,3.24e-09,1.32258e-08,2.592e-08
4429,2.31724e-07,1.5123e-07,7.85402e-07,5.53429e-07
4431,2.51169e-09,4.92242e-09,2.00935e-08,3.93794e-08
4432,5.36366e-09,8.02419e-09,3.01852e-08,5.9157e-08
4435,5.57035e-08,8.83481e-08,1.43204e-07,1.82506e-07
4441,1.15595e-06,5.74232e-07,1.93824e-06,7.66159e-07
4449,2.38867e-07,2.66517e-07,2.39036e-07,2.19968e-07
4454,2.05331e-08,4.02409e-08,0,0
4455,3.13423e-07,1.78073e-07,7.94802e-07,4.86607e-07
4461,1.40771e-08,2.75883e-08,1.12617e-07,2.20707e-07
4464,4.38741e-08,6.41003e-08,1.01244e-07,1.53089e-07
4467,7.16267e-07,4.23283e-07,1.17032e-06,5.78115e-07
4468,7.7654e-07,3.99665e-07,2.25921e-06,1.35504e-06
4470,7.10963e-07,3.12466e-07,2.93987e-06,1.1728e-06
4475,2.16832e-07,2.31613e-07,5.29206e-07,8.61213e-07
4477,5.66105e-08,7.5584e-08,3.10474e-07,3.56003e-07
4484,2.12457e-08,2.94593e-08,8.18469e-08,1.60404e-07
4488,2.33399e-09,4.57416e-09,1.86719e-08,3.65933e-08
4490,6.5496e-08,8.17199e-08,2.32662e-07,3.18708e-07
4495,3.1221e-07,2.0978e-07,1.61353e-06,1.04458e-06
4497,2.36611e-08,4.63711e-08,6.74207e-08,1.32131e-07
4499,9.7975e-08,8.98976e-08,2.95302e-07,2.44059e-07
4500,3.02864e-08,4.63977e-08,6.40344e-08,1.25495e-07
4505,3.29031e-09,6.44836e-09,2.63225e-08,5.15869e-08
4509,5.37884e-08,6.18122e-08,2.67937e-07,3.78595e-07
4511,6.97511e-08,6.53153e-08,1.41091e-07,1.44495e-07
4513,5.78184e-08,5.7172e-08,2.14732e-07,2.49837e-07
4520,2.28385e-08,4.4759e-08,0,0
4526,4.01279e-07,4.23789e-07,5.75785e-07,3.46959e-07
4533,4.76495e-08,9.33837e-08,0,0
4535,6.37034e-08,7.13995e-08,1.65111e-07,1.76997e-07
4536,1.60949e-06,6.72572e-07,3.50056e-06,2.2104e-06
4553,1.86003e-07,1.51192e-07,4.75407e-07,6.29036e-07
4560,7.04408e-07,3.50048e-07,1.77201e-06,6.32172e-07
4565,2.93904e-08,3.46237e-08,2.35123e-07,2.7699e-07
4568,1.53131e-07,1.72918e-07,8.59997e-07,1.18418e-06
4573,1.60603e-07,1.28832e-07,0,0
4585,7.69247e-08,1.50757e-07,2.50018e-07,4.89986e-07
4590,3.4357e-07,2.576e-07,1.34864e-06,8.8017e-07
4593,3.02848e-08,5.93523e-08,1.79234e-07,3.51264e-07
4597,2.59158e-06,6.47408e-07,7.64638e-06,1.81828e-06
4604,7.90024e-07,4.80309e-07,1.45101e-06,6.88452e-07
4606,1.91065e-08,2.91856e-08,4.09747e-08,8.03023e-08
4609,2.87235e-07,2.64236e-07,3.64885e-07,2.92868e-07
4612,1.5029e-07,1.33231e-07,2.14241e-07,2.1964e-07
4613,7.71846e-08,7.44706e-08,1.90745e-07,2.87087e-07
4619,6.07877e-09,1.19132e-08,4.86302e-08,9.53057e-08
4625,6.72819e-09,1.31859e-08,5.38255e-08,1.05487e-07
4631,2.30397e-08,2.97053e-08,1.84318e-07,2.37642e-07
4633,1.5861e-07,1.60728e-07,4.6943e-07,6.69247e-07
4634,2.86471e-08,5.15467e-08,2.9648e-08,4.32306e-08
4635,2.71608e-08,3.50182e-08,9.66855e-08,1.50453e-07
4643,3.93091e-07,3.67903e-07,1.24316e-06,1.29984e-06
4647,4.29584e-09,8.419e-09,3.43667e-08,6.7352e-08
4649,1.30509e-07,1.6989e-07,3.833e-07,4.13053e-07
4655,8.19741e-08,8.8493e-08,3.74076e-07,4.43307e-07
4667,4.941e-08,7.74078e-08,8.58203e-08,1.25329e-07
4674,3.25081e-07,4.45339e-07,7.87695e-07,1.18877e-06
4675,1.2946e-07,1.76416e-07,2.9132e-07,3.15694e-07
4680,5.12821e-08,6.91301e-08,3.17037e-07,5.22038e-07
4681,6.70251e-08,1.06725e-07,1.05211e-07,1.24925e-07
4687,1.61818e-07,2.45662e-07,5.48478e-07,1.07491e-06
4688,7.37146e-08,5.88696e-08,3.46166e-07,3.2755e-07
4689,1.75307e-08,2.05192e-08,1.40246e-07,1.64154e-07
4693,4.28116e-08,5.93251e-08,6.73389e-08,1.31971e-07
4697,1.40534e-07,1.26389e-07,3.8004e-07,3.97203e-07
4706,2.10091e-09,4.11737e-09,1.68073e-08,3.2939e-08
4707,1.76193e-07,2.24597e-07,5.57432e-07,8.32428e-07
4709,3.77632e-08,4.47061e-08,7.42088e-08,7.66178e-08
4719,2.56647e-09,5.02979e-09,2.05318e-08,4.02383e-08
4726,1.35558e-08,2.65666e-08,0,0
4727,2.44763e-08,4.30722e-08,1.95811e-07,3.44577e-07
4735,6.02779e-09,1.18133e-08,4.82224e-08,9.45064e-08
4742,2.1437e-07,2.43314e-07,3.68735e-07,4.08574e-07
4746,2.15527e-07,1.6952e-07,4.02484e-07,2.78771e-07
4747,3.89884e-09,7.64096e-09,3.11907e-08,6.11277e-08
4748,1.04077e-07,2.03971e-07,3.49463e-07,6.84879e-07
4753,9.1286e-08,1.18726e-07,3.22693e-07,5.14055e-07
4757,1.32233e-08,1.99135e-08,4.76424e-08,6.84776e-08
4763,2.47086e-07,1.51585e-07,8.25733e-07,5.37637e-07
4782,1.42511e-07,1.46869e-07,6.37956e-07,6.36628e-07
4789,1.40781e-07,2.37925e-07,1.57901e-07,1.46978e-07
4793,1.34122e-07,1.08661e-07,4.35636e-07,4.50551e-07
4796,1.15062e-07,1.61008e-07,0,0
4801,6.5689e-08,5.77678e-08,3.14101e-07,3.55012e-07
4811,3.01881e-08,3.36875e-08,2.41505e-07,2.695e-07
4813,3.17059e-09,6.21373e-09,2.53647e-08,4.97098e-08
4818,3.69653e-09,7.24448e-09,2.95723e-08,5.79558e-08
4819,2.02645e-07,1.2737e-07,7.65427e-07,5.19646e-07
4820,2.25899e-07,1.25892e-07,9.35633e-07,6.23648e-07
4822,2.25024e-08,4.41003e-08,1.80019e-07,3.52803e-07
4827,9.91406e-09,1.94296e-08,7.93124e-08,1.55437e-07
4833,8.47127e-08,1.6602e-07,2.3431e-07,4.59202e-07
4836,5.13787e-09,1.00692e-08,4.11029e-08,8.05537e-08
4842,6.35082e-07,4.64014e-07,1.45449e-06,1.50813e-06
4846,1.26169e-07,1.42891e-07,6.23506e-07,8.72679e-07
4847,1.46604e-07,2.87316e-07,3.86824e-07,7.58099e-07
4856,2.19946e-08,4.31051e-08,1.75957e-07,3.4484e-07
4864,5.8916e-08,1.15464e-07,0,0
4866,1.61635e-08,1.7812e-08,1.28518e-07,1.42105e-07
4886,9.6885e-09,1.89876e-08,0,0
4892,3.12506e-08,4.45802e-08,7.75994e-08,1.14239e-07
4894,3.4062e-07,2.12184e-07,4.46127e-07,2.99591e-07
4899,6.21269e-07,2.85675e-07,1.76562e-06,7.98829e-07
4903,6.82965e-09,1.33848e-08,0,0
4904,1.37058e-07,1.41025e-07,2.31875e-07,2.18971e-07
4914,6.40949e-08,1.25613e-07,0,0
4919,1.33967e-08,1.85666e-08,1.07174e-07,1.48533e-07
4924,3.95144e-08,3.61866e-08,2.337e-07,2.40308e-07
4931,5.61739e-09,1.1009e-08,4.49391e-08,8.80719e-08
4932,2.39627e-08,4.69623e-08,0,0
4937,7.25462e-07,4.74025e-07,1.62115e-06,1.18997e-06
4954,6.50815e-08,8.7009e-08,1.90405e-07,1.73791e-07
4958,1.40932e-07,2.76199e-07,0,0
4961,2.08599e-07,1.27891e-07,6.71588e-07,4.42125e-07
4968,1.55544e-08,2.16866e-08,1.24435e-07,1.73493e-07
4975,1.21583e-07,1.53634e-07,9.93677e-08,1.38732e-07
4979,1.25773e-07,7.43341e-08,6.63491e-07,3.64445e-07
4981,5.43449e-08,6.37068e-08,1.32499e-07,1.99518e-07
4982,4.89641e-07,3.80239e-07,8.64195e-07,6.49494e-07
4989,8.33386e-08,1.31402e-07,3.50578e-07,4.89907e-07
4994,8.38381e-09,1.64306e-08,6.70705e-08,1.31445e-07
4998,2.12892e-08,3.41708e-08,3.53816e-08,6.93411e-08
5004,2.15419e-08,4.03077e-08,7.98963e-09,1.56581e-08
5005,3.22154e-07,2.66891e-07,8.05542e-07,8.60211e-07
5006,3.46597e-07,2.17201e-07,6.44258e-07,4.07445e-07
5012,4.95924e-08,9.71913e-08,0,0
5017,9.30786e-08,1.27142e-07,8.80133e-08,1.28237e-07
5023,3.48199e-09,6.82401e-09,2.78559e-08,5.45921e-08
5025,9.81623e-09,1.92379e-08,7.85299e-08,1.53903e-07
5052,8.36426e-08,9.64056e-08,2.04272e-07,2.92785e-07
5057,4.41263e-08,3.83574e-08,3.5301e-07,3.06859e-07
5060,2.10061e-08,4.11679e-08,9.0544e-08,1.77449e-07
5067,6.21975e-09,1.21895e-08,4.9758e-08,9.75159e-08
5069,1.46033e-07,1.2331e-07,3.69242e-07,2.77502e-07
5081,2.83645e-07,2.5081e-07,5.16786e-07,4.35313e-07
5087,3.11569e-09,6.10614e-09,2.49255e-08,4.88491e-08
5093,4.31473e-08,8.45603e-08,0,0
5094,2.59335e-07,3.02491e-07,5.67222e-08,8.48772e-08
5095,5.80507e-08,1.13768e-07,4.29785e-08,8.42293e-08
5099,1.61573e-07,3.16652e-07,0,0
5101,1.7948e-08,3.51746e-08,1.43584e-07,2.81397e-07
5102,6.49428e-08,1.27275e-07,0,0
5108,1.45508e-08,2.85167e-08,0,0
5113,4.71826e-09,9.24686e-09,3.77461e-08,7.39749e-08
5115,6.81278e-08,8.70827e-08,1.01506e-07,1.32535e-07
5120,1.12355e-08,1.6459e-08,8.98838e-08,1.31672e-07
5124,8.83515e-09,1.2504e-08,7.06812e-08,1.00032e-07
5132,3.87266e-07,3.6609e-07,5.98471e-07,6.72808e-07
5133,3.20448e-07,2.62574e-07,1.29824e-06,1.3197e-06
5143,4.93508e-08,6.88916e-08,0,0
5145,9.53254e-08,1.15989e-07,2.96598e-07,3.97244e-07
5149,3.20466e-08,6.2805e-08,0,0
5152,1.45812e-08,2.09314e-08,1.16649e-07,1.67451e-07
5157,2.73012e-07,1.31796e-07,1.67231e-06,9.17519e-07
5163,1.82266e-07,2.87968e-07,0,0
5164,6.04878e-10,1.18544e-09,4.83902e-09,9.48354e-09
5177,4.42625e-08,4.91488e-08,2.64452e-07,3.51805e-07
5182,2.69361e-07,2.60271e-07,1.21033e-06,1.80599e-06
5186,9.27739e-08,9.59146e-08,2.48396e-07,3.0941e-07
5188,4.12202e-07,2.98101e-07,1.49872e-06,1.50126e-06
5197,6.06714e-07,2.45557e-07,1.56349e-06,6.96796e-07
5204,1.2816e-07,9.27195e-08,3.38649e-07,2.66451e-07
5211,5.39607e-07,2.90596e-07,1.67632e-06,9.7949e-07
5212,8.18296e-10,1.6037e-09,6.54637e-09,1.28296e-08
5214,1.57223e-07,1.73822e-07,6.20291e-08,9.05886e-08
5216,1.85577e-08,3.63695e-08,1.48462e-07,2.90956e-07
5217,1.80982e-07,1.36196e-07,4.49636e-07,3.83526e-07
5218,3.45188e-06,8.1608e-07,1.01316e-05,2.21799e-06
5222,1.20616e-08,2.36384e-08,0,0
5229,1.54249e-07,1.2611e-07,4.9295e-07,3.58656e-07
5233,2.32643e-08,4.1525e-08,1.85332e-07,3.32046e-07
5237,1.72334e-09,3.37741e-09,1.37867e-08,2.70193e-08
5239,3.71127e-08,7.27335e-08,1.36559e-07,2.67629e-07
5250,1.88244e-08,2.62758e-08,6.61523e-08,1.29646e-07
5255,7.33185e-09,1.4369e-08,5.86548e-08,1.14952e-07
5256,2.38303e-08,2.95502e-08,9.1166e-08,1.33763e-07
5262,1.13898e-08,2.23218e-08,9.11184e-08,1.78574e-07
5264,1.02316e-07,2.00519e-07,0,0
5267,1.0997e-07,8.40344e-08,4.45901e-07,4.34284e-07
5269,3.17679e-07,2.11882e-07,6.69137e-07,5.00221e-07
5270,8.85965e-09,1.73632e-08,0,0
5274,1.43923e-08,2.27505e-08,2.59695e-08,5.0895e-08
5277,5.87023e-07,3.25869e-07,1.54539e-06,9.02004e-07
5278,1.73384e-08,2.32342e-08,1.38707e-07,1.85874e-07
5282,1.1138e-07,1.83903e-07,3.28949e-07,6.44675e-07
5283,1.36561e-08,1.9349e-08,1.09248e-07,1.54792e-07
5287,3.73343e-09,7.3168e-09,2.98675e-08,5.85344e-08
5288,6.45334e-09,1.26473e-08,5.16267e-08,1.01178e-07
5289,3.08571e-09,6.04739e-09,2.46857e-08,4.83791e-08
5295,2.5102e-07,2.41763e-07,8.13726e-07,9.74522e-07
5311,2.71645e-08,5.32371e-08,0,0
5325,4.92547e-07,3.55416e-07,8.9605e-07,5.90307e-07
5328,2.89396e-09,5.6716e-09,2.31517e-08,4.53728e-08
5331,1.31937e-07,2.58571e-07,0,0
5332,8.52487e-09,1.67071e-08,0,0
5336,1.21561e-07,2.38236e-07,0,0
5346,5.08887e-09,9.97319e-09,4.0711e-08,7.97855e-08
5348,5.75109e-09,1.1271e-08,4.60087e-08,9.0168e-08
5354,1.26301e-08,2.47525e-08,0,0
5357,1.80872e-07,1.6579e-07,1.07084e-07,1.55835e-07
5364,1.13756e-08,2.2294e-08,9.1005e-08,1.78352e-07
5366,1.61155e-07,1.46107e-07,5.22468e-07,4.61537e-07
5373,3.15142e-08,6.17616e-08,0,0
5380,6.92193e-09,1.35656e-08,0,0
5389,1.2437e-07,1.8184e-07,0,0
5391,1.29023e-07,2.08595e-07,9.41437e-08,1.84503e-07
5392,3.74226e-08,6.29405e-08,2.99381e-07,5.03524e-07
5398,6.40582e-07,2.72618e-07,1.99995e-06,9.57543e-07
5400,4.24779e-09,8.32483e-09,3.39823e-08,6.65987e-08
5402,9.93497e-08,1.47937e-07,1.07594e-07,1.5272e-07
5403,5.29014e-08,5.6281e-08,1.7495e-07,1.82693e-07
5410,6.12286e-09,1.19996e-08,4.89829e-08,9.59969e-08
5411,2.12782e-08,3.77395e-08,1.70225e-07,3.01916e-07
5423,2.12408e-08,3.91714e-08,1.03614e-08,2.03063e-08
5432,2.29646e-08,4.50061e-08,0,0
5434,2.86212e-09,5.60919e-09,2.28969e-08,4.48735e-08
5440,2.45599e-07,4.81326e-07,1.53401e-06,3.00637e-06
5442,1.84529e-07,3.61642e-07,0,0
5447,1.80739e-07,3.33571e-07,8.70326e-08,1.70567e-07
5449,4.15086e-08,8.13488e-08,0,0
5451,1.08459e-08,2.12558e-08,8.6767e-08,1.70046e-07
5452,5.638e-09,1.10494e-08,0,0
5467,2.99173e-08,5.8632e-08,0,0
5468,1.12985e-06,5.11811e-07,3.40084e-06,1.78838e-06
5471,1.25549e-07,1.58374e-07,1.47244e-07,2.16084e-07
5476,4.70612e-08,8.04534e-08,5.22477e-08,1.02395e-07
5479,3.73158e-08,4.47167e-08,2.26134e-07,3.28436e-07
5487,5.63581e-07,5.19155e-07,1.48919e-06,2.62909e-06
5496,5.25984e-08,8.37268e-08,9.14563e-08,1.79236e-07
5498,9.52241e-08,1.41237e-07,0,0
5502,2.4437e-07,2.64254e-07,1.5853e-06,2.03924e-06
5508,5.92214e-09,1.16062e-08,4.73771e-08,9.28498e-08
5509,4.94551e-08,5.70022e-08,0,0
5511,4.41104e-08,7.78072e-08,3.74835e-08,7.34603e-08
5513,3.77033e-07,2.87638e-07,5.98117e-07,4.7411e-07
5518,1.28408e-07,2.05233e-07,2.22694e-08,4.36436e-08
5520,8.70727e-08,1.70645e-07,5.58413e-07,1.09438e-06
5522,4.52848e-08,6.78508e-08,1.4102e-07,1.70333e-07
5523,9.34828e-08,1.83208e-07,0,0
5524,6.6905e-08,1.05349e-07,1.45446e-07,1.69181e-07
5527,7.88075e-09,1.54447e-08,6.3046e-08,1.23558e-07
5530,1.91143e-07,2.29734e-07,0,0
5534,3.87847e-07,1.99812e-07,1.30079e-06,6.48663e-07
5538,8.12844e-08,1.59301e-07,0,0
5540,3.21256e-06,7.72697e-07,1.00199e-05,2.33597e-06
5544,1.68757e-07,1.30401e-07,4.92067e-07,3.51648e-07
5545,5.41613e-07,4.21291e-07,7.06723e-07,5.92161e-07
5546,2.22183e-08,3.2998e-08,5.45972e-08,1.07e-07
5547,1.2518e-08,2.45328e-08,1.00144e-07,1.96262e-07
5548,8.53338e-08,7.29776e-08,2.31432e-07,1.91175e-07
5557,2.02068e-07,2.25939e-07,9.59564e-07,1.48198e-06
5573,1.00251e-07,1.8526e-07,4.72362e-08,9.25737e-08
5577,4.40466e-08,8.63227e-08,0,0
5581,9.71197e-08,8.82517e-08,1.49517e-07,1.77921e-07
5585,9.9561e-08,1.43447e-07,5.77405e-08,1.1316e-07
5586,9.66664e-09,1.44754e-08,7.73331e-08,1.15803e-07
5587,9.71118e-09,1.36877e-08,7.76894e-08,1.09501e-07
5594,7.03161e-09,1.37806e-08,5.62529e-08,1.10245e-07
5596,3.45879e-07,2.60327e-07,5.3488e-07,3.89125e-07
5598,2.48323e-08,4.86664e-08,0,0
5599,7.36601e-08,7.40459e-08,2.3879e-07,2.60924e-07
5600,1.08218e-07,1.53576e-07,0,0
5606,1.95254e-07,1.94536e-07,2.54757e-07,2.47877e-07
5612,2.21841e-08,4.34765e-08,0,0
5615,1.59362e-08,2.41421e-08,1.27489e-07,1.93137e-07
5617,4.10699e-07,2.40382e-07,7.71382e-07,5.93668e-07
5623,1.39504e-08,2.05164e-08,1.11603e-07,1.64131e-07
5625,1.19058e-08,1.41741e-08,9.52466e-08,1.13393e-07
5629,1.10226e-08,2.16021e-08,0,0
5630,1.75852e-07,1.43253e-07,5.51175e-07,4.15774e-07
5633,2.10008e-08,2.91081e-08,8.60062e-08,1.68555e-07
5639,5.6215e-07,3.95734e-07,1.02856e-06,7.09227e-07
5644,1.62191e-07,1.28316e-07,8.80479e-07,6.21522e-07
5651,1.72559e-07,1.90087e-07,2.81434e-07,2.87853e-07
5654,2.23395e-08,3.67925e-08,1.78716e-07,2.9434e-07
5655,2.5746e-06,5.84473e-07,1.00629e-05,2.26693e-06
5657,1.44925e-09,2.84025e-09,1.1594e-08,2.2722e-08
5659,1.59156e-07,3.11914e-07,0,0
5662,1.09695e-07,2.14981e-07,0,0
5665,5.65934e-08,1.10912e-07,0,0
5667,8.19135e-08,1.60534e-07,1.36102e-07,2.66733e-07
5676,1.56993e-08,2.29329e-08,1.25594e-07,1.83463e-07
5680,3.32459e-06,7.04569e-07,1.06172e-05,2.84035e-06
5694,1.39142e-07,2.0905e-07,9.87178e-08,1.93468e-07
5700,5.78332e-07,3.30427e-07,2.31284e-06,1.86285e-06
5705,1.00647e-07,8.86671e-08,1.33263e-07,1.85717e-07
5707,3.79698e-07,2.66038e-07,1.19028e-06,7.35973e-07
5710,3.41976e-08,3.69181e-08,1.77386e-07,2.27405e-07
5713,2.65435e-09,5.202e-09,2.12348e-08,4.1616e-08
5714,2.10224e-08,4.11998e-08,0,0
5715,6.27035e-08,8.57516e-08,1.70449e-07,2.45415e-07
5717,2.6332e-08,4.60922e-08,2.40433e-08,4.71201e-08
5718,3.40885e-07,3.0772e-07,1.86126e-07,2.44962e-07
5724,8.84715e-08,1.13795e-07,9.41536e-08,1.43142e-07
5725,2.60667e-08,5.10856e-08,0,0
5727,3.43762e-08,6.73707e-08,0,0
5731,1.60878e-08,3.1529e-08,1.28703e-07,2.52232e-07
5733,1.02014e-07,1.53005e-07,8.16111e-07,1.22404e-06
5734,3.84942e-08,5.34704e-08,1.64762e-07,3.22901e-07
5736,1.81229e-09,3.55174e-09,1.44984e-08,2.84139e-08
5737,2.76113e-08,3.13723e-08,1.4239e-07,1.98341e-07
5739,3.09368e-09,6.063e-09,2.47494e-08,4.8504e-08
5741,2.01097e-08,3.94111e-08,0,0
5747,2.66836e-08,4.42906e-08,2.13469e-07,3.54325e-07
5748,2.43017e-08,4.76266e-08,0,0
5749,2.34531e-07,3.07258e-07,2.3104e-07,2.39922e-07
5751,1.01504e-07,1.03259e-07,0,0
5755,2.75635e-08,2.78318e-08,2.20508e-07,2.22655e-07
5756,1.52101e-08,2.42596e-08,2.61662e-08,5.12806e-08
5760,8.30171e-08,9.45146e-08,4.69748e-07,5.73349e-07
5763,9.24631e-08,1.1676e-07,1.4802e-07,2.17768e-07
5764,4.18595e-07,5.13156e-07,8.90027e-07,6.88043e-07
5768,1.41675e-07,1.86304e-07,1.85763e-07,2.70644e-07
5769,4.63239e-08,9.07858e-08,1.5127e-07,2.9646e-07
5770,4.48296e-09,8.78573e-09,3.58637e-08,7.02858e-08
5773,1.37961e-08,2.70377e-08,0,0
5774,9.79113e-08,8.69131e-08,3.22195e-07,3.12081e-07
5775,9.50719e-08,1.07731e-07,2.09433e-07,1.58418e-07
5778,2.75194e-08,3.15968e-08,1.4764e-07,1.41853e-07
5779,4.10676e-07,3.46082e-07,6.35586e-07,6.11962e-07
5781,4.21154e-08,4.84363e-08,7.21258e-08,1.15642e-07
5785,5.26242e-08,6.3106e-08,1.85716e-07,2.60527e-07
5787,2.48435e-07,2.36132e-07,7.29794e-07,6.9341e-07
5788,1.27992e-08,1.65054e-08,1.02393e-07,1.32043e-07
5795,5.06468e-07,4.76656e-07,1.19293e-06,1.22209e-06
5800,3.00118e-07,1.80076e-07,9.80459e-07,7.08238e-07
5801,1.74487e-08,3.41959e-08,1.39589e-07,2.73568e-07
5802,2.48924e-07,3.0476e-07,7.85235e-08,1.53891e-07
5804,1.04878e-07,8.51635e-08,4.84392e-07,3.87419e-07
5806,5.68418e-08,8.90518e-08,9.71018e-08,1.27835e-07
5808,5.14359e-07,4.20116e-07,5.90868e-07,5.43352e-07
5809,1.38568e-08,2.71566e-08,0,0
5811,4.56337e-09,8.94331e-09,3.65069e-08,7.15465e-08
5812,4.67551e-07,4.52343e-07,3.60259e-07,3.16109e-07
5814,3.4943e-08,5.78034e-08,0,0
5815,1.05816e-08,2.07379e-08,8.46528e-08,1.65903e-07
5816,2.06533e-07,2.71756e-07,1.34365e-06,2.1196e-06
5817,2.41754e-08,4.73791e-08,0,0
5818,8.96553e-08,1.75707e-07,0,0
5819,1.59368e-08,2.20935e-08,1.17744e-07,1.64254e-07
5821,8.87841e-08,1.38133e-07,2.0296e-07,3.13013e-07
5822,2.51299e-08,2.97042e-08,1.3957e-07,2.04866e-07
5824,1.98145e-07,1.66358e-07,2.53764e-07,3.26763e-07
5827,3.72973e-07,3.68195e-07,1.22459e-06,1.13663e-06
5829,8.38736e-09,1.64376e-08,6.70989e-08,1.31501e-07
5830,7.5547e-08,9.89075e-08,1.53757e-07,2.63454e-07
5833,3.90058e-07,2.20194e-07,1.67164e-06,1.20858e-06
5834,7.53142e-09,1.47601e-08,6.02514e-08,1.18081e-07
5837,2.81281e-09,5.51255e-09,2.25025e-08,4.41004e-08
5845,1.66156e-07,1.26997e-07,5.75719e-07,4.30084e-07
5846,1.77458e-08,2.50651e-08,1.41966e-07,2.00521e-07
5847,1.89431e-08,3.71247e-08,1.51544e-07,2.96997e-07
5850,6.80695e-08,7.83706e-08,3.97278e-08,7.78586e-08
5854,1.45274e-07,1.5683e-07,2.12242e-07,2.68177e-07
5857,2.23768e-09,4.38541e-09,1.79014e-08,3.50833e-08
5858,4.6051e-09,9.0251e-09,3.68408e-08,7.22008e-08
5860,2.75859e-07,2.9648e-07,5.85892e-07,7.61597e-07
5862,2.21397e-07,2.81055e-07,0,0
5863,2.2387e-08,4.38742e-08,0,0
5864,7.88805e-08,7.07846e-08,3.17775e-07,2.73787e-07
5865,1.10451e-07,1.64668e-07,1.15255e-07,1.32709e-07
5866,7.63844e-09,1.49698e-08,6.11075e-08,1.19759e-07
5874,5.47478e-08,5.68178e-08,2.28424e-07,3.49084e-07
5877,5.10134e-08,5.75767e-08,9.0705e-08,1.06667e-07
5878,8.26629e-08,1.17585e-07,3.5634e-08,6.98356e-08
5879,3.38065e-08,4.16825e-08,3.58457e-08,4.71363e-08
5880,8.4793e-08,7.05863e-08,2.37725e-07,2.60288e-07
5884,9.96819e-09,1.21624e-08,7.97455e-08,9.72995e-08
5886,8.33164e-09,1.63284e-08,6.66531e-08,1.30627e-07
5888,4.01623e-08,4.88684e-08,1.54558e-07,2.14698e-07
5889,1.15647e-08,2.26645e-08,9.25175e-08,1.81316e-07
5892,3.88581e-08,5.72184e-08,9.95575e-08,1.95113e-07
5893,3.50305e-09,6.86529e-09,2.80244e-08,5.49223e-08
5895,1.56337e-07,1.12878e-07,6.83038e-07,5.24512e-07
5898,1.07842e-08,1.58196e-08,8.62737e-08,1.26557e-07
5900,2.02154e-08,3.96183e-08,0,0
5901,2.25698e-08,4.42324e-08,0,0
5902,1.11525e-07,1.54598e-07,0,0
5905,6.60544e-08,9.14096e-08,1.80806e-07,2.65921e-07
5911,1.19386e-08,2.07657e-08,9.55092e-08,1.66125e-07
5912,9.60316e-08,1.75263e-07,7.68253e-07,1.4021e-06
5916,6.07572e-08,6.38006e-08,5.8504e-08,1.14656e-07
5917,7.38982e-08,5.4205e-08,3.8407e-07,3.09e-07
5918,1.79831e-08,2.50947e-08,1.43865e-07,2.00757e-07
5925,5.32216e-08,5.61926e-08,1.45885e-07,1.50116e-07
5926,2.83794e-08,3.15671e-08,2.27035e-07,2.52537e-07
5927,7.11432e-09,1.39427e-08,5.69146e-08,1.11541e-07
5929,1.04455e-07,8.54677e-08,3.8754e-07,3.30581e-07
5930,1.09922e-08,1.59755e-08,8.7938e-08,1.27804e-07
5932,3.99092e-09,7.82142e-09,3.19273e-08,6.25713e-08
5933,1.86291e-07,2.04072e-07,1.15926e-08,2.27193e-08
5936,1.86341e-07,3.65192e-07,5.94716e-07,1.16553e-06
5942,1.78416e-07,1.73878e-07,1.70864e-07,1.68366e-07
5943,1.8194e-08,3.56567e-08,1.45552e-07,2.85254e-07
5946,1.15278e-07,1.29803e-07,4.47417e-07,7.63121e-07
5948,5.3536e-08,6.91305e-08,2.62183e-07,3.51186e-07
5950,5.19078e-09,8.37366e-09,4.10342e-08,6.67593e-08
5951,9.84548e-08,1.25915e-07,1.89274e-07,3.01806e-07
5954,6.64396e-09,1.30209e-08,5.31517e-08,1.04167e-07
5955,4.19303e-08,8.21752e-08,1.03699e-07,2.03229e-07
5960,3.57866e-07,4.75821e-07,1.06454e-06,1.43647e-06
5961,1.36818e-07,1.28077e-07,6.10763e-07,5.44003e-07
5962,2.12339e-08,4.16144e-08,0,0
5964,1.39924e-07,1.23316e-07,5.33854e-07,6.076e-07
5966,4.32226e-08,8.47077e-08,3.4578e-07,6.77662e-07
5969,2.36241e-07,2.78544e-07,7.12323e-07,8.90415e-07
5971,1.34678e-08,2.63943e-08,0,0
5972,2.30187e-08,4.51122e-08,9.13051e-08,1.7894e-07
5973,1.37023e-07,2.56142e-07,4.08796e-07,7.0682e-07
5977,1.82544e-08,3.5775e-08,0,0
5982,3.46069e-09,6.78227e-09,2.76855e-08,5.42582e-08
5983,1.79417e-08,1.89549e-08,1.43534e-07,1.51639e-07
5985,7.76739e-08,1.09078e-07,0,0
5986,8.63482e-09,1.69226e-08,6.90786e-08,1.3538e-07
5992,8.36123e-08,1.21946e-07,0,0
5995,1.31224e-08,2.57173e-08,1.04979e-07,2.05739e-07
5996,1.12317e-08,2.2012e-08,8.98537e-08,1.76096e-07
6003,2.68515e-07,3.98677e-07,1.50568e-06,2.10191e-06
6004,6.21425e-08,7.076e-08,3.6129e-07,4.52079e-07
6007,1.16035e-07,2.27406e-07,0,0
6008,3.57785e-08,5.67735e-08,6.32662e-08,1.23989e-07
6010,1.28413e-07,1.11652e-07,0,0
6014,1.73791e-07,2.80356e-07,2.76645e-09,5.42171e-09
6019,2.59231e-07,2.37683e-07,1.78603e-07,1.73897e-07
6025,1.62384e-08,2.77485e-08,4.59968e-08,6.51739e-08
6026,1.02569e-07,1.00675e-07,3.19756e-07,3.78087e-07
6027,4.91519e-08,7.27874e-08,4.89937e-08,9.60181e-08
6029,7.85808e-08,8.56086e-08,8.06996e-08,1.07866e-07
6034,1.92702e-07,1.85288e-07,8.12551e-07,1.21092e-06
6036,7.47518e-09,1.46499e-08,5.98014e-08,1.17199e-07
6037,1.13385e-08,1.57122e-08,9.07082e-08,1.25697e-07
6041,4.36739e-08,7.53561e-08,4.50996e-08,8.83863e-08
6042,2.0121e-07,2.00625e-07,7.64409e-07,8.47068e-07
6046,7.52923e-09,1.47558e-08,6.02338e-08,1.18047e-07
6049,1.75312e-08,2.43445e-08,6.55182e-08,1.28403e-07
6050,4.09958e-09,8.03437e-09,3.27966e-08,6.4275e-08
6052,4.00712e-08,4.19084e-08,1.56911e-07,1.68734e-07
6054,2.25766e-08,4.42456e-08,4.88416e-08,9.572e-08
6055,1.36857e-07,1.27637e-07,3.36257e-07,3.70954e-07
6056,8.24526e-08,8.19899e-08,4.26907e-07,3.65438e-07
6058,3.01345e-08,2.93212e-08,2.41076e-07,2.3457e-07
6059,1.22234e-07,2.01879e-07,7.27681e-10,1.42611e-09
6060,2.11639e-07,1.93713e-07,8.11818e-07,6.11659e-07
6061,7.15321e-07,3.99716e-07,1.29498e-06,7.22147e-07
6065,4.04878e-08,6.82661e-08,4.96942e-08,9.7391e-08
6067,1.78442e-07,2.80169e-07,1.23441e-07,1.48434e-07
6068,1.81862e-07,2.50219e-07,3.12057e-07,4.60046e-07
6072,1.86765e-08,2.2355e-08,1.26163e-07,1.57609e-07
6075,9.25427e-08,1.40469e-07,0,0
6076,8.72951e-08,1.71081e-07,0,0
6078,3.00041e-08,3.16054e-08,2.40033e-07,2.52843e-07
6091,4.50276e-08,5.47829e-08,6.14401e-08,1.16388e-07
6092,4.54186e-08,4.94239e-08,3.63349e-07,3.95391e-07
6093,3.40887e-07,2.93967e-07,1.67502e-06,1.54498e-06
6095,4.84818e-08,6.26328e-08,1.37345e-07,1.96498e-07
6099,5.20375e-09,1.01983e-08,4.163e-08,8.15866e-08
6100,5.03418e-09,9.86602e-09,4.02735e-08,7.89281e-08
6101,5.12292e-07,3.4177e-07,1.19923e-06,7.4628e-07
6105,9.29851e-08,7.60744e-08,4.96858e-07,4.5771e-07
6115,1.45889e-08,2.85914e-08,0,0
6116,1.96475e-08,3.85053e-08,0,0
6118,1.83567e-06,5.90637e-07,3.54507e-06,1.03904e-06
6119,1.8227e-06,6.80343e-07,2.52952e-06,8.49716e-07
6120,7.07601e-08,8.53267e-08,1.24478e-07,1.32244e-07
6121,8.92646e-09,1.74941e-08,2.54743e-08,4.99246e-08
6122,5.14943e-07,2.52043e-07,1.20788e-06,7.06471e-07
6123,1.14411e-07,1.1533e-07,1.72952e-07,2.99566e-07
6124,5.45308e-09,1.0687e-08,4.36246e-08,8.54957e-08
6125,1.14721e-07,1.09961e-07,2.52672e-07,2.44904e-07
6126,8.00287e-08,1.16383e-07,2.18159e-07,4.27548e-07
6136,2.28512e-08,2.02809e-08,1.8281e-07,1.62247e-07
6138,3.07187e-08,4.84084e-08,5.15229e-08,7.14137e-08
6144,1.20855e-08,2.36851e-08,9.66837e-08,1.89481e-07
6145,7.45411e-07,3.79373e-07,1.76848e-06,7.18275e-07
6146,2.48988e-08,4.87968e-08,4.03027e-08,7.89855e-08
6152,1.86169e-07,2.36349e-07,9.60948e-07,1.48798e-06
6153,1.62143e-08,3.17768e-08,1.29714e-07,2.54215e-07
6154,6.23051e-08,8.79181e-08,7.11049e-08,1.06844e-07
6155,3.0595e-08,5.99603e-08,0,0
6157,3.51744e-07,2.07819e-07,1.17683e-06,1.07213e-06
6158,2.65148e-07,1.63151e-07,1.10798e-06,8.98417e-07
6159,8.06053e-08,7.48479e-08,4.72145e-07,4.94082e-07
6162,9.25596e-09,1.81399e-08,7.40476e-08,1.45119e-07
6163,1.11606e-07,1.17348e-07,2.25138e-07,2.50332e-07
6164,1.2428e-06,4.52191e-07,3.03412e-06,1.28227e-06
6166,7.43269e-07,5.62249e-07,2.24906e-06,2.29941e-06
6168,1.59462e-07,1.61347e-07,1.79081e-07,2.77084e-07
6169,2.15951e-08,3.6766e-08,2.47259e-08,4.8458e-08
6171,4.44573e-08,6.88574e-08,0,0
6172,2.08173e-09,4.07979e-09,1.66539e-08,3.26383e-08
6177,4.52576e-07,2.82098e-07,1.45514e-06,1.11514e-06
6178,1.43181e-06,6.13181e-07,2.41866e-06,1.36038e-06
6181,3.58166e-08,6.75726e-08,1.09125e-08,2.13863e-08
6184,1.6204e-06,5.14373e-07,4.18661e-06,1.87203e-06
6185,4.10397e-06,1.1118e-06,1.08853e-05,2.8006e-06
6190,2.18148e-06,6.1678e-07,6.73029e-06,1.81667e-06
6191,7.20156e-08,6.46472e-08,3.50071e-07,3.65558e-07
6192,1.7416e-08,3.4132e-08,1.1472e-08,2.24829e-08
6193,2.11688e-07,1.57903e-07,4.93831e-07,3.76373e-07
6196,3.6691e-08,4.58907e-08,4.30048e-08,8.42811e-08
6198,4.41376e-06,1.08895e-06,1.01049e-05,2.81202e-06
6199,1.29701e-09,2.54188e-09,1.03761e-08,2.0335e-08
6200,8.82496e-08,7.92399e-08,4.78532e-07,4.09975e-07
6203,2.10497e-08,4.12533e-08,0,0
6206,9.00649e-08,1.76509e-07,0,0
6209,7.26231e-08,8.55303e-08,2.72099e-07,3.7785e-07
6214,7.15535e-09,1.40231e-08,5.72428e-08,1.12185e-07
6216,4.34887e-09,8.52293e-09,3.47909e-08,6.81834e-08
6218,2.57422e-09,5.04496e-09,2.05937e-08,4.03597e-08
6223,6.0746e-08,5.37718e-08,3.83855e-07,3.63311e-07
6225,3.92132e-08,7.68503e-08,0,0
6238,8.36488e-08,1.01843e-07,2.85025e-08,5.58593e-08
6240,3.41757e-06,9.04839e-07,1.0571e-05,3.34778e-06
6244,9.08896e-07,3.39887e-07,2.88173e-06,1.02967e-06
6246,4.65708e-07,3.04515e-07,1.08659e-06,5.69991e-07
6247,4.36997e-09,8.56429e-09,3.49598e-08,6.85143e-08
6248,3.95434e-08,5.50803e-08,1.4197e-07,2.78234e-07
6249,9.90675e-08,1.05697e-07,3.45256e-07,5.68589e-07
6252,2.53278e-08,3.76134e-08,2.02623e-07,3.00907e-07
6256,4.53645e-09,8.89056e-09,3.62916e-08,7.11244e-08
6258,3.88455e-09,7.61295e-09,0,0
6259,1.55956e-08,3.05643e-08,0,0
6261,2.67019e-07,3.13702e-07,2.15976e-07,2.05485e-07
6262,5.36222e-08,7.91061e-08,1.36135e-07,2.66798e-07
6263,1.76996e-07,2.63055e-07,1.47329e-07,1.81965e-07
6267,4.01023e-08,6.64933e-08,4.52842e-08,8.87482e-08
6268,1.42698e-07,2.7966e-07,0,0
6271,1.18307e-07,1.51765e-07,1.12932e-07,1.69044e-07
6276,9.24723e-08,9.70548e-08,0,0
6278,7.36977e-09,1.44433e-08,5.89582e-08,1.15546e-07
6281,4.58783e-09,8.99124e-09,3.67026e-08,7.19299e-08
6282,5.94885e-08,8.02741e-08,1.78574e-07,2.7127e-07
6283,3.17434e-09,6.22109e-09,2.53947e-08,4.97687e-08
6284,1.84947e-08,2.8592e-08,3.73863e-08,7.32699e-08
6291,5.35137e-08,1.04876e-07,2.84356e-07,5.57282e-07
6292,1.91536e-08,3.75372e-08,7.15389e-08,1.40202e-07
6294,3.63884e-08,7.13142e-08,0,0
6301,4.17874e-09,8.18951e-09,3.2962e-08,6.45991e-08
6303,2.58318e-08,4.02012e-08,2.06654e-07,3.2161e-07
6309,1.0734e-06,5.17306e-07,3.57539e-06,1.38426e-06
6310,2.27943e-08,3.73108e-08,1.82354e-07,2.98486e-07
6315,1.47396e-08,2.88868e-08,0,0
6320,2.52525e-08,3.56376e-08,2.0202e-07,2.85101e-07
6322,9.70286e-09,1.90157e-08,7.76229e-08,1.52126e-07
6327,1.95358e-08,3.82864e-08,0,0
6328,6.38688e-08,1.2517e-07,0,0
6332,2.8854e-07,3.30728e-07,1.19941e-06,9.98318e-07
6337,5.294e-08,1.03752e-07,4.2491e-08,8.32741e-08
6340,4.63538e-09,9.08443e-09,3.7083e-08,7.26754e-08
6343,2.0253e-08,2.32476e-08,1.62024e-07,1.85981e-07
6346,2.0881e-06,7.94496e-07,5.0493e-06,1.78879e-06
6353,3.67632e-07,4.63724e-07,5.59288e-07,7.19777e-07
6373,2.30867e-07,1.16888e-07,1.06787e-06,6.56701e-07
6374,1.31869e-07,2.58437e-07,2.44647e-07,4.79461e-07
6377,2.33048e-08,4.56729e-08,1.86438e-07,3.65383e-07
6379,1.86422e-07,2.25859e-07,3.37333e-07,5.72888e-07
6398,1.6585e-08,3.25033e-08,1.3268e-07,2.60026e-07
6400,1.11569e-08,2.18654e-08,8.92555e-08,1.74923e-07
6404,2.74706e-07,4.46568e-07,1.61059e-06,3.15644e-06
6405,4.75469e-09,9.31826e-09,3.80375e-08,7.45461e-08
6406,9.8044e-09,1.92147e-08,7.84352e-08,1.53718e-07
6409,2.03186e-06,5.81687e-07,5.6291e-06,1.72596e-06
6410,3.82335e-07,2.81021e-07,1.24894e-06,1.32428e-06
6417,1.54693e-07,1.98703e-07,7.51517e-08,1.47283e-07
6418,1.41226e-07,2.65707e-07,4.61585e-08,9.04617e-08
6420,8.3165e-08,9.93935e-08,1.0756e-07,1.48933e-07
6422,1.28755e-07,1.14169e-07,2.91195e-07,2.86664e-07
6429,6.30519e-08,1.01437e-07,2.98928e-07,4.33396e-07
6430,6.18052e-09,1.21126e-08,4.94442e-08,9.69009e-08
6431,2.35792e-07,4.62105e-07,0,0
6433,9.21036e-09,1.80505e-08,0,0
6439,2.54282e-08,4.98343e-08,0,0
6440,1.75661e-08,3.44261e-08,1.01778e-07,1.99464e-07
6441,1.83509e-07,1.08603e-07,7.19475e-07,4.53529e-07
6445,6.68734e-07,3.38609e-07,2.2229e-06,9.73527e-07
6446,1.1152e-07,1.11495e-07,1.33123e-07,1.5268e-07
6449,3.11263e-09,6.10014e-09,0,0
6450,1.6067e-07,3.14881e-07,0,0
6451,1.79861e-06,5.76428e-07,5.66496e-06,2.19919e-06
6457,1.09835e-08,2.15254e-08,0,0
6461,2.80902e-08,4.17932e-08,5.05699e-08,9.91071e-08
6463,7.50326e-09,1.47049e-08,6.00261e-08,1.17639e-07
6465,2.02561e-08,3.9698e-08,1.62049e-07,3.17584e-07
6466,1.1847e-07,1.11024e-07,2.0158e-07,1.76739e-07
6469,2.85156e-08,5.5885e-08,0,0
6471,8.48233e-08,1.66237e-07,0,0
6475,7.31307e-08,7.48987e-08,8.2635e-08,1.16295e-07
6478,3.55957e-07,3.1814e-07,6.78898e-07,5.09111e-07
6479,5.3372e-09,1.04599e-08,4.26976e-08,8.3679e-08
6480,2.9592e-07,2.8674e-07,9.16791e-07,1.05272e-06
6482,4.17011e-09,8.17259e-09,3.33609e-08,6.53807e-08
6484,5.01807e-07,7.05162e-07,1.14609e-06,1.58959e-06
6485,2.84621e-07,5.19506e-07,9.66251e-07,1.60696e-06
6487,1.35842e-07,9.09581e-08,6.49451e-07,4.60794e-07
6491,4.04483e-08,5.60512e-08,2.94736e-08,5.77625e-08
6492,6.30869e-09,1.23638e-08,0,0
6495,1.30872e-06,5.74867e-07,5.33581e-06,2.74137e-06
6498,4.31649e-08,8.45947e-08,3.45319e-07,6.76757e-07
6499,2.65935e-08,5.2118e-08,0,0
6505,2.31257e-08,4.53218e-08,1.85005e-07,3.62574e-07
6507,1.57911e-08,2.32676e-08,1.26329e-07,1.86141e-07
6509,9.80043e-08,1.21013e-07,9.38803e-08,1.37421e-07
6511,3.56571e-08,5.46403e-08,1.59751e-07,2.21724e-07
6515,4.6366e-07,1.83136e-07,1.93078e-06,7.57679e-07
6516,1.43965e-08,2.82142e-08,0,0
6517,5.01948e-09,9.83719e-09,4.01558e-08,7.86976e-08
6518,1.5032e-07,2.94598e-07,6.36883e-07,1.24817e-06
6519,2.84142e-07,4.31222e-07,8.40287e-08,1.17979e-07
6520,1.04411e-08,2.04625e-08,8.35288e-08,1.637e-07
6524,5.14332e-08,7.13445e-08,1.10868e-07,1.63421e-07
