cellID,DSBDimension
24,2.66295
24,2.94711
24,2.6141
24,1.70649
24,2.12711
24,2.51651
24,1.50404
24,0.430805
24,2.59009
24,2.32158
24,0.875363
24,1.34496
24,2.66295
24,2.45913
24,3.32539
24,2.66295
30,2.95442
30,0.724456
30,1.80325
30,1.70964
30,0.724456
30,0.731722
30,0.220956
30,4.62866
30,1.62176
54,1.37371
54,1.82419
123,2.35953
123,2.23872
139,1.577
225,2.95296
225,0.187916
225,2.72068
236,0.537519
236,1.5914
236,1.32452
236,2.27793
236,0.651733
236,1.91419
236,0
236,0.46602
236,2.15406
251,1.97468
254,1.73492
254,2.23288
274,1.38899
274,1.64878
295,0.0044332
332,0.261718
332,4.38538
332,0
332,0.899556
332,1.76059
365,0.657772
365,2.66935
365,2.80585
365,0.995612
365,1.60879
391,1.96626
391,1.38723
391,2.11482
391,2.37882
391,2.70799
391,1.57951
391,3.01057
432,1.8626
432,0
432,0.887167
432,1.78542
432,1.78542
433,0.586628
433,0.586628
433,4.13152
433,2.45773
433,2.15338
433,3.18789
433,1.22628
433,0
433,1.55611
433,1.88243
433,1.2425
433,0.509743
433,2.28489
433,1.69183
433,4.05581
433,0.855873
433,2.45773
433,1.76287
433,0.294009
433,0.45167
433,2.29854
433,3.02864
433,0
433,1.03046
433,1.39341
433,1.66672
433,0.294009
433,2.09596
433,2.94703
433,2.4384
433,1.6745
433,1.72066
433,2.72881
433,3.38935
433,1.6558
433,0.840573
433,1.38591
433,0.767172
460,0.7555
460,2.99949
460,0.18567
460,1.93578
460,1.55643
460,3.1504
460,0.866813
468,0.78128
468,0.243773
468,2.82973
468,1.73694
468,0.0543301
499,1.89764
499,3.22124
499,0.722797
499,0.722797
499,1.74655
527,1.61932
546,0.635041
546,2.7977
546,1.76195
576,2.43854
576,4.85778
576,1.33724
576,0.857885
576,2.0389
576,1.64886
576,1.14836
576,0.778185
576,2.42539
699,0.838991
699,0.138877
699,2.00218
699,0.263693
699,0.263693
717,0
717,1.37729
717,0.838758
717,0.269151
740,0
757,1.1729
757,2.81612
757,2.80615
765,0.924795
765,4.0437
772,0.848619
772,2.5059
774,0.00534166
774,1.50074
774,0.187604
774,2.4991
802,0.66895
802,0.922319
814,1.02566
814,4.86442
814,2.12782
814,2.97784
824,0.510671
824,0.510671
824,2.98206
831,1.40331
873,2.58903
873,3.05826
873,2.64605
873,1.74923
873,3.18881
873,0.905657
873,2.10264
873,0.786448
873,1.47357
873,1.80398
873,1.88469
873,2.17273
873,1.39987
873,0.767808
873,1.39987
873,2.26608
873,0.709622
873,0.732416
873,0.732416
873,0.732416
873,1.37059
873,1.99966
873,0.287318
873,0.759694
873,3.49882
873,0.759694
873,2.48128
873,0
873,1.25737
873,2.29194
873,1.3215
873,2.7416
873,1.64477
873,1.54128
873,1.53008
873,0.47518
873,2.523
873,0.488479
873,1.53008
873,2.42981
873,1.0209
873,2.97803
873,2.17235
873,3.5777
873,1.81488
873,0.301866
939,3.13675
939,2.16718
956,2.03001
956,0
956,1.3377
956,1.67804
956,1.3377
956,1.28473
956,0
956,1.56846
956,2.40788
956,1.3234
956,1.3595
956,3.05372
956,3.33065
956,1.0842
981,0.913942
981,2.6185
981,0.750195
981,1.94309
981,2.84649
981,1.56237
981,2.84064
981,2.84064
981,1.10213
981,2.15033
981,1.63379
981,0.703679
981,1.66802
981,1.08174
981,2.97368
981,0.357147
981,0.439177
981,0.357147
981,2.94142
981,0.558294
981,2.66281
981,2.49379
981,0.636688
981,1.04605
981,0.424884
981,0.424884
981,1.76136
981,2.56105
981,3.41579
981,0.811433
981,3.03051
981,5.79265
981,2.60869
981,2.22357
981,0.984199
981,2.45748
981,1.456
981,0.24972
981,0.163664
981,1.93894
1101,1.36024
1101,0.52772
1101,1.49984
1101,0.617458
1101,0.382477
1101,0.0397409
1101,0.791047
1101,2.78589
1101,1.3393
1101,0.673232
1101,1.83056
1101,0.165849
1101,3.12441
1101,5.63523
1101,0.165849
1101,1.29555
1101,0.472701
1101,2.89059
1101,1.25393
1153,1.03056
1153,3.04106
1153,2.76557
1153,2.99158
1200,2.34141
1200,0.85204
1200,2.55912
1200,3.16297
1200,3.1238
1200,2.55912
1200,0.922103
1200,1.25616
1200,2.00359
1200,4.27241
1200,2.20532
1200,2.82286
1200,1.73867
1200,2.93414
1200,2.20532
1200,2.20532
1200,1.7848
1200,2.66571
1200,0.586276
1200,1.20042
1200,2.15479
1200,2.69616
1200,0.854703
1200,2.70502
1200,1.42257
1200,2.82989
1200,2.39271
1200,1.45411
1200,1.02521
1200,0.664061
1200,0.44217
1200,0.11673
1200,2.50991
1200,1.96151
1200,0
1200,2.04113
1200,2.48775
1200,0.00857168
1200,1.01608
1200,1.87557
1200,2.21196
1200,1.35219
1200,2.29462
1200,1.01162
1200,1.2017
1200,1.89374
1200,1.39367
1200,3.75802
1200,2.88645
1200,3.07008
1200,4.72716
1200,3.34488
1200,1.47324
1200,1.47324
1200,3.75802
1200,0.441755
1200,2.81299
1200,0.441755
1200,2.81299
1200,0.441755
1200,1.19982
1200,0.239824
1200,0.258358
1200,0.261504
1200,1.52186
1200,2.67104
1200,0.693454
1200,0.693454
1200,1.10464
1200,0.39339
1200,0.39339
1200,0.39339
1200,0.463227
1200,0.00756649
1200,2.34979
1200,1.13765
1200,2.0394
1200,1.22036
1200,2.88997
1200,2.26348
1200,1.22036
1200,2.48227
1200,0.228348
1200,1.72623
1200,1.79445
1200,2.25731
1200,0.781899
1200,2.36827
1200,1.98054
1200,2.4051
1200,1.93355
1200,0
1200,2.51107
1200,0.300946
1200,1.30042
1200,1.67119
1200,1.48655
1200,2.27021
1200,0
1200,0.373555
1200,2.3029
1200,0.641554
1200,0.641554
1200,2.48727
1200,2.2831
1200,2.9528
1200,1.79599
1200,1.72586
1200,0
1200,2.54441
1200,2.54441
1200,0.173573
1200,0.040118
1200,0
1200,0
1200,0
1200,1.85538
1200,0.770404
1200,1.02128
1200,0.322409
1200,0.322409
1200,1.93914
1200,4.10196
1200,1.97077
1200,0.217958
1200,0.543893
1200,0.781776
1200,0.41662
1200,1.98589
1200,2.01499
1200,1.07951
1200,2.3033
1200,3.58779
1200,0.157725
1200,2.92449
1200,2.92449
1235,1.74268
1235,2.95454
1235,1.43652
1235,1.74268
1288,1.86183
1288,0.579817
1288,0.486789
1336,0.35231
1336,2.10542
1336,3.54341
1336,0.338785
1336,2.97023
1336,2.88163
1336,2.47705
1336,3.19265
1336,1.78861
1336,1.06869
1336,2.0152
1336,0.810008
1336,3.08404
1336,1.23758
1336,3.75063
1336,2.14198
1372,1.45201
1372,1.04112
1372,1.45201
1372,2.11153
1372,1.77452
1372,1.45201
1372,2.97347
1380,4.52967
1380,1.25005
1380,2.26811
1380,0.490688
1380,1.10974
1380,2.14356
1380,1.24599
1380,1.69658
1380,2.98144
1380,0.549707
1380,3.17537
1380,2.19479
1380,2.13073
1380,1.9966
1380,0.1451
1380,0.1451
1392,1.61989
1392,0
1411,0.579791
1411,1.71973
1411,0.674567
1442,2.1081
1442,3.15968
1457,1.6636
1457,1.6636
1464,1.66764
1464,1.61913
1477,0.0600724
1540,2.74667
1540,1.40413
1540,0.77821
1540,1.88246
1540,2.76947
1540,2.8122
1540,2.85898
1540,0.707661
1540,3.06771
1540,2.14854
1540,1.21032
1540,0
1540,2.65731
1540,1.76614
1540,0.381166
1543,2.72439
1575,4.64691
1628,0.132519
1628,1.93904
1644,2.55493
1644,2.35626
1644,3.04285
1644,1.00063
1704,2.49748
1704,1.44012
1704,1.94135
1704,2.07109
1704,1.57583
1704,1.47943
1704,0.930882
1704,1.12776
1704,3.70261
1704,1.94321
1704,1.23602
1704,0.344978
1704,0.724694
1704,0.92422
1711,1.65498
1734,1.29378
1734,1.37408
1734,0.870579
1734,0.870579
1734,3.95541
1734,2.89314
1734,5.14774
1734,2.51546
1735,0.126468
1915,0.267168
1915,0.21679
1915,1.27386
1915,0.21679
1915,3.17645
1963,2.8663
1963,0.19527
2027,0.42491
2075,0
2086,3.03035
2088,4.01129
2088,1.21928
2088,0.949479
2088,2.01349
2088,1.54218
2088,3.95285
2088,2.25284
2088,2.48065
2088,0.75285
2088,2.52468
2088,0.412815
2088,0
2088,2.63186
2088,1.65828
2088,1.92311
2088,1.5604
2088,3.10311
2088,1.59067
2088,3.13289
2088,3.41717
2088,1.73991
2088,0
2088,0.391074
2088,2.35169
2088,1.80543
2121,2.22675
2121,4.36584
2121,0.632268
2121,0
2121,0
2121,0
2121,0
2121,1.05142
2121,2.71962
2121,0.160642
2121,0.492379
2121,3.4861
2121,0.998194
2121,2.3507
2121,1.04258
2121,2.65403
2121,1.18445
2121,0.539385
2121,3.55832
2121,1.33839
2121,3.08319
2121,1.43911
2121,1.17486
2121,0.859516
2121,1.26133
2121,1.18324
2121,1.69359
2121,2.07805
2121,1.51434
2204,0
2204,0
2204,0.754629
2204,3.17607
2204,0.754629
2204,0
2204,0
2204,0.164825
2214,0.433417
2214,2.79817
2214,0.893487
2226,1.42721
2226,2.24692
2226,1.0733
2226,2.96414
2226,0.671603
2226,0.244368
2226,0.275434
2226,2.98838
2226,1.42193
2226,1.30043
2226,0.308218
2227,1.92682
2227,1.92682
2228,2.94438
2228,1.75987
2228,1.29137
2228,1.55362
2228,1.14918
2228,2.04608
2228,4.41168
2228,2.19248
2228,1.31926
2228,1.39021
2228,2.33393
2228,2.63655
2228,2.4211
2228,2.25958
2228,2.4211
2253,2.45677
2253,1.4068
2269,0.393845
2269,2.32225
2299,0.73948
2299,0
2299,0.914748
2447,0.779496
2447,0.917596
2479,0.627051
2479,0.952865
2479,0.185822
2479,2.47751
2479,2.02813
2479,5.46983
2479,0.952865
2479,0.501929
2479,1.79022
2479,1.99805
2479,2.73744
2479,1.66903
2479,0.952865
2479,0.293807
2479,1.03684
2479,0.662462
2479,1.99805
2479,1.33181
2479,0.251622
2479,0.564709
2479,1.81596
2479,0.0619147
2479,2.43325
2507,3.18969
2507,2.14048
2516,2.38364
2516,1.35524
2516,0.0990107
2516,0.123671
2516,1.91583
2516,1.91583
2516,1.31218
2516,1.91583
2516,0.0424183
2516,0.987337
2516,1.00591
2523,2.58383
2523,1.71195
2543,0.375038
2543,0.375038
2549,0
2566,0.823689
2593,3.00278
2593,0.938761
2597,2.06202
2614,0.307578
2632,1.54586
2632,0.995782
2632,1.52158
2632,3.04499
2632,2.89051
2632,2.35931
2632,2.99411
2632,2.64402
2658,0.331029
2658,2.18132
2718,1.02366
2718,1.02366
2718,1.90385
2718,1.02366
2729,0.682773
2735,1.95453
2735,1.47874
2735,0.696838
2735,1.33031
2760,0.513314
2760,1.28742
2760,3.08032
2760,1.22406
2816,2.72373
2848,0
2848,0
2848,2.7103
2848,0.896105
2848,3.0078
2848,1.18587
2848,2.91889
2848,0.654125
2848,0.90225
2848,2.30374
2848,1.70731
2848,1.32654
2848,0.834753
2858,0.36144
2863,0.416375
2863,0.416375
2863,0.623387
2863,0.623387
2863,2.50114
2863,0.489981
2863,3.13044
2863,2.13985
2863,1.2051
2863,1.28308
2863,1.28308
2863,1.28308
2863,2.28378
2863,1.52205
2863,1.56281
2863,1.59708
2863,2.32245
2863,1.20537
2863,1.20537
2863,1.88351
2863,0.784327
2881,2.22637
2881,1.68063
2881,1.77093
2881,1.68063
2881,1.68063
2881,1.31157
2885,0.969573
2885,1.6803
2885,2.64804
2885,1.9867
2885,2.16189
2885,0.661992
2905,2.91257
2905,2.77827
2905,1.6158
2905,1.88259
2905,2.78977
2905,5.65308
2905,0.908537
2905,2.91518
2905,1.09379
2905,2.20306
2905,2.99202
2905,1.32647
2907,0.0432382
2907,1.95588
2907,3.23276
2907,1.05774
2907,2.74584
2907,1.63819
2907,0.38
2961,0.237553
2961,1.564
2961,2.09251
2970,1.25822
2970,0.767401
2975,2.16503
2975,0.285504
2975,4.32929
2975,2.7091
2975,0.950939
2975,0.929591
2975,0.265112
2975,2.54716
2975,1.38341
2975,2.2643
2975,1.41279
2975,2.86988
2975,2.33995
2975,2.33995
2975,1.34275
2975,0.940408
2975,1.82214
2975,1.01884
2975,2.10936
2975,2.10936
2975,5.34439
2991,1.05015
2991,1.05015
2991,1.29
3021,3.76837
3030,3.22756
3030,0.618255
3030,0.583846
3030,5.09399
3030,1.43141
3030,3.18392
3030,0.851828
3030,0.233856
3030,3.18392
3030,0.153598
3030,0
3030,0.305634
3030,2.06146
3030,2.41436
3030,2.06146
3030,2.41436
3030,3.49767
3030,2.21913
3030,5.26042
3030,0.524495
3030,0.524495
3030,0.524495
3030,2.34235
3030,2.48423
3030,1.17749
3030,0.753757
3030,0.961185
3030,2.30765
3030,3.62746
3030,0.164943
3030,2.37247
3030,1.30775
3030,2.90496
3030,0.850939
3030,0.440993
3030,2.58811
3035,1.27862
3058,0.215392
3058,1.99319
3058,4.08745
3058,0.385224
3058,1.45676
3058,1.33631
3058,4.63098
3058,1.88872
3058,3.09042
3058,2.52307
3058,0.613411
3058,0.613411
3058,0.613411
3058,0.613411
3058,2.33079
3058,2.88142
3058,1.33476
3058,0.952811
3058,2.64277
3058,1.53888
3058,2.64277
3058,2.98338
3058,0.593864
3058,1.95758
3058,0.423806
3058,1.40259
3058,1.40259
3058,1.19297
3058,0.217931
3058,1.01968
3058,3.01574
3058,3.01574
3058,2.1801
3058,1.70587
3058,0.876363
3058,2.53983
3058,1.50466
3058,1.71385
3058,3.72797
3058,0
3058,2.81303
3058,1.55828
3058,4.17449
3058,3.15392
3058,0.534233
3058,2.89005
3058,1.7947
3058,1.71966
3058,2.07231
3058,2.07231
3058,2.7836
3058,2.07231
3058,0
3058,1.86286
3058,1.61754
3058,2.3131
3058,0
3058,4.60292
3058,2.95187
3058,3.02576
3058,2.75209
3058,1.06133
3058,1.25578
3058,2.10544
3058,1.59916
3058,1.49762
3058,2.71782
3058,0.43375
3058,0.743847
3058,1.18876
3058,1.11249
3058,2.24661
3058,0.539855
3058,3.1278
3058,0.613356
3058,0.83034
3058,1.49762
3058,1.05538
3058,1.60561
3058,1.53623
3058,2.20646
3058,0.865649
3058,3.38349
3058,2.97278
3058,4.62846
3058,4.62846
3058,2.61952
3058,3.65945
3058,0.991152
3058,1.09501
3058,0.0965721
3058,1.00944
3058,1.72424
3058,1.64629
3058,2.1367
3058,3.20295
3058,0.792815
3058,1.4898
3058,2.6797
3058,0.308847
3058,1.99667
3087,2.70614
3113,1.65796
3113,3.90433
3124,0.777675
3149,3.13039
3149,3.5222
3149,0.0258692
3158,1.40835
3204,0.720753
3204,4.27969
3216,1.02306
3216,2.36094
3216,3.53391
3216,2.55522
3216,2.05725
3216,2.74826
3240,2.89123
3240,1.73423
3240,0.780314
3251,1.96239
3251,2.08692
3251,2.08692
3251,2.0748
3251,2.95567
3268,0.143829
3268,1.89553
3268,1.94329
3268,2.27468
3268,1.96929
3268,2.49742
3268,0
3268,2.89061
3268,1.50679
3268,0.32903
3268,0.0666494
3268,2.94884
3268,0.704912
3268,2.7578
3268,0.0217232
3289,2.52164
3289,4.15174
3289,0.665099
3289,2.29211
3314,2.11324
3314,0.318962
3316,0.940369
3322,1.36359
3322,0
3365,0.971325
3372,2.32354
3372,0.848403
3372,1.51042
3372,1.51042
3372,2.75029
3372,1.54891
3372,3.53664
3372,2.23436
3372,2.48093
3372,3.82207
3372,3.84547
3372,1.70876
3372,0.979715
3372,0.904046
3372,1.45356
3372,0.468999
3372,0.468999
3441,3.15284
3441,2.84373
3469,2.78656
3469,2.78656
3469,3.00059
3528,3.14331
3535,2.09793
3535,1.95866
3535,2.1008
3535,2.03199
3535,0.787897
3535,0.66093
3535,2.87421
3535,1.0409
3535,1.80269
3535,1.48792
3535,2.28017
3535,3.17834
3535,1.05829
3535,1.39918
3535,0.94422
3535,0.583734
3535,1.84172
3535,0.863222
3535,2.80294
3535,1.95583
3535,2.07174
3535,1.4762
3535,1.62008
3535,0
3535,0
3535,2.63194
3551,2.44157
3568,0.0252913
3573,2.55615
3573,0.792812
3573,2.55615
3573,2.15204
3573,1.06
3573,2.72107
3573,1.65923
3575,0.732769
3575,1.23082
3575,3.129
3575,1.30968
3587,2.65282
3587,3.19731
3587,1.29966
3587,0.527627
3587,3.04765
3587,3.04765
3587,3.04765
3587,1.38515
3587,0.830933
3605,1.90007
3605,0.979902
3605,0.263227
3605,1.15592
3605,1.18752
3605,2.93502
3605,2.62902
3605,0
3605,1.58898
3605,1.32534
3605,1.47186
3605,1.17404
3606,1.36514
3606,2.53241
3606,0.245286
3606,2.27737
3606,2.18876
3606,0.969205
3606,2.18876
3606,2.26562
3609,2.53286
3609,0.751081
3609,2.87448
3609,2.36695
3609,0.395069
3611,1.55667
3615,0.451795
3615,1.61033
3615,0.182404
3621,1.82727
3624,2.43713
3624,0.23095
3624,2.98447
3624,0.171807
3624,1.98137
3624,1.22541
3624,1.79666
3624,0.0114461
3624,2.66556
3629,0
3629,1.91719
3629,0.692187
3629,0.364005
3629,0.364005
3629,3.85133
3629,5.152
3629,5.93212
3629,2.92042
3629,2.53238
3629,1.36648
3629,1.36648
3629,1.36648
3632,3.17037
3632,1.6377
3632,1.57429
3632,0.953856
3632,0.669796
3632,2.96542
3632,2.9158
3632,0.985324
3632,1.20534
3632,1.47514
3632,3.37618
3632,2.3488
3632,1.46391
3636,2.30342
3636,0.209079
3636,2.94222
3636,0
3636,2.3025
3636,2.95785
3636,0.55472
3636,2.56754
3636,1.02069
3636,1.78667
3640,0.485801
3644,2.74149
3644,0.778149
3644,1.59326
3644,2.06555
3644,0.778149
3644,0.32129
3644,0.778149
3644,0.540454
3644,2.21517
3644,3.1516
3644,2.22413
3644,0.636652
3660,2.66425
3660,2.90645
3661,2.84191
3661,1.5594
3663,2.64975
3663,1.89527
3663,2.6848
3670,2.26346
3671,0.100843
3671,1.53183
3671,1.59897
3675,3.71192
3693,2.47775
3693,0.258219
3693,2.8734
3693,2.81075
3694,2.63097
3694,1.40452
3694,1.40585
3694,2.66402
3694,2.63097
3694,2.72364
3694,2.31383
3694,2.63097
3694,0.681052
3694,1.47161
3694,1.61883
3694,1.27189
3694,0.390592
3694,0.559977
3694,1.72922
3696,1.48534
3696,1.171
3696,1.48534
3696,1.58237
3696,1.48534
3696,1.1555
3696,2.737
3696,0.914161
3696,0.627046
3696,0.728719
3696,0.443742
3696,0.410076
3696,0.799555
3696,1.26417
3696,2.83086
3696,1.17992
3696,1.17992
3696,1.37981
3706,0
3706,1.91803
3706,1.91803
3712,1.25592
3714,2.55366
3721,2.91307
3721,1.62436
3721,0.552353
3721,0.217868
3722,0
3722,1.51874
3722,1.51874
3722,1.51874
3722,1.17755
3722,2.92888
3722,0.689635
3724,2.69549
3724,0.491117
3748,3.08099
3748,1.65319
3748,0.281214
3748,3.08099
3748,2.05039
3748,4.14225
3748,1.7284
3762,1.39929
3778,1.57634
3778,2.69672
3778,3.21156
3778,2.69672
3778,3.80881
3778,1.22451
3778,2.40058
3778,0.850436
3778,1.18726
3778,1.95667
3778,1.52308
3778,2.32711
3778,0.847433
3778,2.88448
3778,0
3778,1.91309
3780,0.570201
3780,1.57261
3780,0
3780,0.352805
3780,2.11754
3780,2.07132
3780,3.05484
3780,0.921865
3780,2.96722
3780,3.8462
3780,2.20524
3780,0.627213
3780,2.51238
3780,2.65976
3780,1.64917
3780,3.05484
3780,1.97992
3782,1.27386
3782,1.23451
3782,0.505547
3782,3.9473
3782,1.34325
3782,2.7667
3788,1.77114
3788,3.03399
3788,2.24701
3788,0.593577
3788,1.86523
3788,2.84795
3788,2.29238
3788,2.77225
3795,2.72129
3795,1.90641
3795,2.93248
3804,0.160802
3804,0.376048
3809,0.67246
3809,0.245299
3841,2.56233
3841,3.1295
3841,2.9136
3841,2.12968
3841,3.4311
3841,0.0501356
3841,2.95301
3841,0.612978
3841,1.85221
3841,1.18928
3841,1.36667
3841,0.761542
3841,1.95598
3841,0.323251
3841,0.658027
3841,2.41652
3841,0.402706
3841,1.49027
3841,0.402706
3860,1.47112
3860,1.25877
3860,1.33762
3860,1.33762
3860,3.48767
3860,2.45215
3860,2.45215
3860,1.32065
3860,1.95826
3872,1.39682
3872,2.89101
3873,1.72254
3879,2.69223
3880,0
3880,3.1844
3895,2.41608
3895,1.53124
3895,2.9438
3895,0.604345
3895,0.604345
3895,3.15221
3895,3.55603
3895,0.463949
3895,1.30543
3895,3.12809
3895,2.47361
3895,0.690078
3895,2.80473
3895,1.3207
3895,0.903315
3925,1.44038
3925,2.83952
3925,2.51438
3925,0.708325
3928,1.91172
3928,0.899812
3928,0.273988
3928,0.273988
3948,2.43372
3948,0.411921
3948,2.72524
3948,3.03502
3948,2.43372
3948,0.741735
3948,1.97384
3959,1.34084
3959,2.29715
3959,0.40455
3960,3.68545
3960,1.44747
3960,2.48515
3960,1.31188
3960,0.802677
3960,2.75012
3960,2.9965
3960,0.118863
3960,2.20154
3960,0.900643
3960,1.31188
3960,2.75012
3960,3.68545
3960,1.31188
3960,0.666624
3960,2.34911
3960,0.0410791
3960,0.0091996
3960,5.84942
3960,2.0136
3960,2.0136
3960,1.61788
3960,4.78451
3960,3.5257
3960,0.608234
3960,2.68674
3960,3.13336
3960,1.08523
3960,0.500549
3960,1.62981
3960,2.24679
3960,0.83552
3960,0.767146
3960,0.737236
3960,0.2014
3960,0.437046
3960,1.09993
3960,0.767146
3974,3.34032
3974,2.68284
3974,0.718899
3974,3.60729
3974,5.11763
3976,2.7914
3976,1.14081
3976,2.37195
3976,1.61819
3976,2.36151
3976,1.39888
3976,3.031
4014,1.98719
4014,1.5181
4014,2.3558
4014,2.00379
4014,2.61651
4024,0
4029,0.206443
4035,2.54286
4035,2.54286
4035,1.61587
4035,2.11777
4035,1.01434
4036,3.11217
4036,0.928435
4036,1.0165
4038,0.502385
4038,1.27268
4038,2.64757
4038,1.72589
4038,1.08074
4038,1.19566
4038,1.19566
4038,2.62763
4038,0
4038,2.30145
4038,2.74162
4038,0.284012
4038,2.74162
4038,2.22601
4038,2.74162
4038,2.90152
4038,2.22601
4038,2.30145
4038,3.5018
4038,1.64851
4038,1.64851
4038,2.57636
4038,1.80526
4038,1.18828
4038,1.80526
4038,0.554342
4038,0.90042
4038,1.80526
4038,0.90042
4038,2.45314
4038,1.06518
4038,1.80526
4038,0.943364
4038,1.49892
4038,1.49892
4038,3.08497
4038,2.87252
4038,3.08497
4038,1.19296
4038,1.7073
4038,2.57558
4038,2.11435
4038,2.84639
4038,1.59275
4038,0.780377
4038,0.265452
4038,1.12193
4038,3.10064
4038,1.07872
4043,2.43745
4043,2.44682
4043,2.01507
4043,0.44903
4043,2.68408
4043,0.43522
4043,1.85225
4044,1.45345
4047,2.86077
4047,3.04078
4047,0.422379
4047,2.99461
4047,2.92116
4047,0.24918
4047,0.850663
4047,3.52401
4047,0.155387
4048,1.96097
4048,1.87523
4048,0
4048,3.04537
4048,1.07433
4048,4.34901
4048,1.07433
4048,2.81556
4048,2.97915
4048,2.94965
4048,1.07433
4048,1.25743
4048,0.840038
4048,3.26001
4048,0.770614
4048,1.48696
4048,0.447277
4048,0.280573
4048,0.747816
4052,2.28638
4052,2.28638
4052,1.92585
4052,1.18399
4061,1.82675
4061,2.37418
4061,3.18618
4061,2.66154
4061,3.13396
4061,2.37418
4061,1.95073
4061,0.85488
4061,4.44061
4061,0.793079
4061,1.21447
4091,1.54322
4091,0.47604
4094,2.85363
4094,2.35807
4094,2.61179
4094,2.1829
4094,3.04488
4094,3.04488
4094,0.128936
4094,3.1437
4094,2.20082
4094,0.616851
4094,0.347221
4094,1.88662
4094,1.74417
4094,0.670558
4094,0.180039
4094,1.35877
4094,2.7551
4094,2.32428
4094,1.64308
4094,2.50565
4094,0.714932
4094,2.40901
4094,2.40901
4094,5.06694
4094,3.08011
4094,1.66955
4094,1.66955
4094,1.66955
4094,1.66009
4094,0.974425
4094,3.11622
4094,0.893523
4094,1.16552
4094,1.38459
4094,0.891799
4094,2.79837
4094,2.86493
4094,2.25945
4094,0.197499
4094,2.57808
4094,2.70089
4094,1.95513
4094,0.359619
4094,2.86176
4094,1.43208
4094,2.46528
4094,0.583362
4094,1.38286
4094,1.38286
4094,0.504492
4094,0.909469
4101,1.58835
4101,0.129272
4123,1.19618
4123,1.66451
4123,1.66451
4123,1.38035
4123,2.98887
4123,1.66451
4123,2.36079
4123,1.87741
4123,1.84358
4123,2.86802
4123,3.33981
4123,0.271642
4123,2.72721
4138,1.72421
4138,0.0718577
4138,0.743224
4138,1.22333
4159,2.96926
4159,2.63122
4159,2.44083
4162,2.57208
4167,3.11527
4201,0.167158
4202,2.96132
4202,1.43198
4202,2.2572
4202,0.315278
4202,1.15961
4202,0.593666
4202,2.98791
4202,1.00827
4202,2.07071
4202,1.65901
4202,1.21442
4202,1.76967
4202,0.50752
4202,4.50239
4202,1.06794
4202,0
4207,0.467128
4207,0.769628
4207,3.05913
4207,1.49174
4207,2.10345
4246,2.76936
4246,2.36468
4246,2.36468
4265,0.938654
4265,1.04363
4265,0.938654
4265,3.07073
4265,1.20871
4265,2.57832
4265,2.67971
4305,1.94904
4305,2.24794
4305,0.468177
4305,2.2469
4305,2.2203
4319,0
4324,1.35529
4324,0.793229
4324,0
4324,1.03682
4324,3.0105
4325,0.808645
4337,2.84553
4337,1.90416
4337,1.90416
4337,2.4401
4339,1.28505
4339,0.735003
4339,3.30587
4346,0.607754
4350,0.510566
4350,3.05502
4350,2.77086
4350,2.82417
4350,2.66366
4350,1.44363
4350,1.95293
4350,0.0187764
4350,0.364277
4350,3.37985
4350,4.11919
4350,1.03428
4350,0.918144
4350,0.544229
4352,0
4352,0.828949
4352,0.267788
4352,1.56018
4352,1.28841
4352,1.56018
4361,4.51783
4361,2.74728
4361,0.592449
4361,0.906848
4361,3.25582
4361,4.39218
4361,0.693092
4361,2.26526
4361,2.74728
4361,1.00309
4366,3.16959
4366,0.724731
4366,0.724731
4366,0.700793
4366,2.82368
4366,2.90004
4366,0.801819
4366,2.01192
4366,1.33512
4366,0.801819
4366,1.06231
4366,3.04289
4393,2.14173
4393,0.462459
4409,1.94514
4409,2.50309
4409,2.45577
4409,0
4409,1.58849
4420,2.5082
4440,1.24924
4440,2.69266
4440,2.6366
4440,2.06882
4440,1.42389
4440,2.06882
4440,2.63513
4440,2.96623
4440,2.06882
4440,2.13732
4440,0.926814
4440,1.49352
4440,2.99855
4440,4.61309
4440,2.99855
4440,2.16635
4440,1.13539
4440,0
4440,0.523805
4440,2.17313
4440,0.231683
4440,0.0789784
4449,2.74368
4449,1.21163
4449,0.65084
4449,1.02416
4449,1.02416
4449,0.657243
4449,0.141657
4449,2.91964
4449,2.0734
4449,2.51385
4449,0.141657
4449,0.137032
4449,0
4449,2.07591
4449,2.0612
4449,1.51219
4449,0
4449,0.149731
4449,3.12938
4449,0.805913
4449,0.805913
4449,2.47073
4449,0.897805
4449,0.805913
4449,0.564397
4449,0.805913
4449,1.4024
4449,0.688248
4449,3.04616
4449,0.535347
4449,1.59784
4449,1.85112
4449,0.399838
4449,0.732199
4449,3.01107
4449,1.59784
4449,1.85112
4449,1.45256
4449,1.94828
4449,0.624696
4459,0.584505
4459,2.99745
4459,0.787838
4459,1.81006
4459,0.646502
4459,2.78002
4459,0
4459,2.65427
4459,0.0393337
4459,2.65427
4459,0.817201
4459,2.85601
4459,0.833773
4459,0.804261
4459,1.20048
4459,1.00283
4459,1.92826
4459,2.63835
4459,2.36839
4459,1.30835
4459,0.058273
4459,1.96725
4480,0.0187398
4480,1.52679
4480,0.748579
4480,0.874613
4480,3.31457
4480,1.24217
4480,1.23708
4480,1.865
4480,3.19554
4480,2.64399
4524,1.92923
4524,2.19556
4524,1.25843
4524,3.48674
4524,1.92923
4524,2.23363
4524,5.13996
4524,1.88568
4524,1.08657
4524,0.971649
4533,1.01454
4539,0.851506
4539,2.96655
4539,3.0854
4539,0.142619
4539,2.35729
4539,2.35729
4539,2.16847
4539,1.13686
4539,3.69216
4539,0.392826
4539,1.13686
4539,2.66943
4539,2.16847
4539,0.766559
4539,2.9983
4552,2.32937
4565,0.0789473
4585,1.98561
4585,1.67138
4585,2.93882
4585,4.58162
4585,3.21371
4585,2.93882
4585,2.49285
4585,3.21371
4596,2.97483
4596,2.97483
4603,1.2814
4603,0.483258
4603,2.16496
4603,0.439435
4611,2.01382
4611,1.17348
4626,1.14998
4626,0.875385
4626,0.414309
4626,0.291837
4626,0.838615
4626,2.28653
4627,3.09956
4631,1.89032
4631,1.8285
4633,2.7081
4633,0
4633,0.407995
4633,0
4633,0.489979
4633,0.512137
4633,2.10784
4633,1.90772
4633,1.85156
4633,2.43122
4633,2.43122
4633,1.71715
4633,0.685534
4633,0.684313
4633,0.33887
4633,1.2575
4633,1.77487
4633,2.04135
4633,3.1614
4633,1.98406
4633,2.02024
4633,0.11488
4633,1.98406
4633,2.50955
4633,2.31548
4633,2.9392
4634,1.62691
4634,3.19176
4636,1.77618
4636,2.90141
4636,2.1116
4636,1.67373
4636,0.641089
4636,0.862226
4638,0.284341
4638,2.4076
4638,1.50615
4638,0.303703
4650,2.27504
4650,3.15682
4650,3.70598
4650,1.12909
4653,1.70353
4653,2.55633
4661,1.07027
4661,3.1127
4662,3.16743
4664,2.56678
4664,5.54589
4670,0.891224
4674,1.31026
4674,1.18901
4674,2.13509
4674,1.85942
4674,1.18901
4674,1.85942
4674,0.583574
4677,2.78555
4677,2.03398
4677,2.02005
4677,3.18822
4677,2.58109
4677,3.0964
4677,2.79125
4680,1.51624
4680,0.233624
4680,2.41844
4680,2.71456
4682,0.0468361
4682,1.55154
4682,1.12499
4682,1.34889
4682,4.43058
4682,0.062876
4684,2.57044
4687,1.11842
4687,1.29183
4687,0.731825
4687,0.984283
4687,1.29183
4687,2.16192
4687,1.27435
4687,1.27435
4687,2.59469
4688,1.47891
4688,1.19987
4688,2.52111
4688,2.48185
4688,2.48185
4688,1.11435
4688,0.892128
4688,2.88497
4688,2.46686
4688,0.826278
4688,1.04859
4688,0.094246
4688,0.96264
4693,1.41473
4693,1.66525
4694,0.472409
4696,2.62347
4696,2.32786
4696,1.80813
4696,0
4696,2.89756
4696,3.23944
4696,1.59088
4696,0.0483039
4696,0.0483039
4696,0
4696,0.0483039
4696,3.09118
4698,0.320374
4698,0
4703,1.95106
4703,0
4704,0.982376
4704,1.0448
4720,1.03592
4720,1.15287
4720,0.609147
4720,1.58216
4720,2.80903
4720,1.76344
4720,0.789085
4720,2.61399
4720,0.789085
4720,0
4720,3.8727
4724,2.80546
4724,2.8175
4724,2.0848
4724,2.84418
4724,1.3531
4724,0.212131
4724,1.93808
4724,1.20955
4724,3.96985
4724,0
4724,1.57271
4724,0.659742
4724,3.13228
4724,0
4725,0.399886
4728,0.0624348
4728,0.170848
4728,0.528475
4730,0.966627
4730,1.88813
4730,2.22681
4730,2.55316
4730,1.10533
4730,1.52006
4730,1.331
4730,3.00498
4730,1.07088
4730,2.91952
4730,1.331
4730,2.30596
4730,2.17303
4730,0.886194
4730,1.85116
4730,1.84548
4730,3.17749
4730,0.916621
4731,1.87737
4731,2.48916
4731,1.37136
4731,1.96362
4731,2.28929
4731,2.13774
4731,1.48167
4731,1.96362
4731,2.50927
4733,1.3048
4735,0.253165
4735,0.846111
4735,0.984705
4735,0.756191
4735,0.0602833
4735,2.60206
4735,1.82109
4735,2.96503
4743,2.5969
4743,2.79057
4743,2.22417
4743,2.59346
4743,2.62431
4749,3.10093
4749,2.16203
4749,2.52662
4749,1.07359
4749,1.78733
4758,1.58539
4758,0.44313
4762,2.39976
4762,1.72169
4763,2.12135
4763,2.4139
4763,1.67776
4763,2.33163
4770,1.38576
4770,0.298352
4770,2.6818
4770,1.67587
4770,2.39013
4770,1.59613
4770,0.50564
4770,0.398707
4770,2.82015
4786,1.60309
4790,1.62406
4790,1.62406
4800,3.04674
4800,1.92245
4800,0.415522
4821,0.772923
4822,0.369506
4840,2.46123
4840,2.56917
4840,2.21787
4840,2.46123
4840,2.44985
4840,2.46123
4840,2.56917
4840,3.20789
4840,0.885948
4840,0.885948
4840,2.17464
4850,2.61397
4851,0
4854,1.05218
4854,1.63778
4854,1.46847
4854,2.89343
4854,1.89173
4854,1.88173
4854,1.91955
4854,1.71331
4854,3.03784
4854,1.74418
4854,2.0519
4864,1.48186
4864,2.03693
4864,2.39385
4864,2.20215
4876,2.3955
4876,0.746184
4876,2.23524
4878,0.660875
4881,1.20128
4881,2.77004
4882,1.30177
4882,0.69647
4884,2.71822
4884,1.8902
4884,1.63441
4884,1.8951
4884,1.91316
4884,1.8951
4884,1.91316
4884,1.91316
4884,1.91316
4887,2.3893
4897,2.04221
4897,1.34284
4909,0.755811
4909,2.41316
4909,2.1311
4909,0.48922
4909,2.79601
4910,0.0318292
4910,2.19737
4910,2.37138
4913,1.81466
4913,0.432958
4913,3.65053
4913,4.98639
4913,3.02279
4913,0.120095
4913,1.62529
4913,2.54044
4913,0.296419
4913,2.46608
4913,1.75685
4913,0.290282
4913,1.49543
4913,0.0226733
4913,0.866422
4913,2.05511
4913,2.90109
4913,1.09129
4913,2.51526
4913,1.77229
4913,2.10353
4913,0.120095
4913,1.33449
4913,2.87661
4913,0.290282
4913,0.522246
4913,0.0226733
4913,1.41836
4913,1.66612
4913,0.487265
4913,0.965099
4918,0.16386
4918,3.01536
4918,0.808146
4918,1.12015
4918,1.91005
4918,3.02269
4918,1.91005
4918,0
4918,2.82879
4918,0.146126
4918,1.85129
4918,3.01868
4918,1.81523
4918,1.81523
4918,2.81101
4918,2.30882
4918,1.31524
4918,1.11688
4918,0.491552
4918,0
4918,2.44945
4918,1.48524
4918,2.44945
4918,3.64593
4918,2.91374
4918,1.66011
4918,2.96925
4918,2.77199
4918,0.409999
4918,0.874731
4918,0.499308
4918,2.26334
4918,2.71857
4918,0.499308
4918,2.71555
4918,0.499308
4918,2.26334
4918,2.26334
4918,0.499308
4918,0.443638
4919,0.953869
4919,2.42595
4919,1.98965
4919,1.9016
4919,1.9016
4919,1.9016
4919,1.9016
4919,1.21643
4919,1.75464
4919,3.10765
4919,0.691908
4919,0.852124
4919,2.29853
4919,2.52169
4919,2.38748
4919,0.952083
4919,0.933589
4919,3.13895
4919,0.13137
4919,1.68281
4919,0.579416
4919,3.41167
4919,2.01603
4919,1.65401
4921,2.02958
4921,1.4221
4921,2.17181
4921,1.25552
4924,2.89538
4924,2.47236
4924,2.90736
4925,0
4925,0
4925,0
4925,0
4935,0.311644
4935,3.99415
4935,1.27606
4935,2.35547
4935,1.46821
4935,1.97777
4937,1.90225
4937,0.256558
4937,1.19821
4937,1.2474
4937,1.19821
4937,1.19821
4948,0.62384
4948,4.37921
4948,0.279969
4948,1.76307
4948,1.18575
4948,1.78832
4948,2.33541
4948,1.76307
4948,0.522112
4948,2.11847
4948,2.09797
4948,0
4948,0
4948,0
4948,2.62674
4948,1.66257
4948,1.24033
4948,2.92052
4948,3.61247
4948,1.20941
4948,2.02266
4948,0
4948,2.44784
4948,2.3133
4948,0.716067
4948,2.92469
4948,1.87572
4948,2.54171
4948,2.93011
4956,0.701265
4956,2.76727
4956,1.91507
4956,1.71057
4963,0
4963,0.6245
4963,2.40043
4963,1.26972
4988,0.916079
4988,1.39925
4988,2.80695
4988,1.68545
4988,2.12108
4988,2.34815
4988,2.12108
4988,1.39925
4988,1.39925
4988,2.35321
4988,2.43136
4988,0.945884
4988,2.35775
4988,2.33108
4988,2.35775
4988,0.945884
4988,2.15947
4988,0.27042
4988,1.191
4988,2.41181
4988,0.629783
4988,2.19554
4988,0.815104
4988,3.18676
4988,3.18676
4988,2.7958
4988,1.10314
4988,2.25233
4988,2.32186
4988,0.497368
4988,0.109526
4988,1.19343
4988,0.964525
4988,0.753745
4988,0.403462
4988,0.719352
4988,0.583614
4988,2.0765
4988,1.91193
4988,0.639688
4988,0.208016
5003,0.143937
5003,2.49459
5003,0
5003,0.12836
5003,0.938457
5003,1.95062
5010,2.81901
5010,2.46675
5010,0.465322
5010,1.59945
5010,1.17123
5010,1.59945
5010,2.25585
5010,0
5010,1.20206
5010,1.59014
5010,0.966785
5010,1.74728
5010,1.56013
5010,1.06192
5010,1.87032
5010,0.576175
5010,0.525297
5010,0.109648
5010,1.07872
5010,0.46649
5030,1.83773
5038,1.46564
5046,1.07045
5046,2.04204
5046,1.59991
5046,1.58851
5046,1.81883
5046,1.73456
5046,2.92749
5046,2.92749
5046,4.10088
5046,1.81629
5046,2.92749
5046,0.709043
5047,2.59018
5047,3.42223
5047,2.00489
5047,2.01497
5047,1.86666
5047,1.97443
5047,2.84027
5047,2.019
5047,0.904994
5047,0.220068
5047,0.220068
5048,1.13975
5048,1.5503
5048,0.301226
5048,3.90068
5050,0.0926435
5050,1.08662
5050,1.33905
5050,1.11939
5050,4.28605
5050,1.08662
5050,0.407107
5050,1.24589
5050,2.71403
5050,3.53859
5050,1.3033
5050,1.30896
5050,0.867097
5050,2.26332
5050,2.07224
5050,2.7815
5050,2.34284
5050,4.53536
5050,2.48825
5050,0.184708
5050,2.48825
5067,2.88804
5067,2.55926
5067,2.70383
5067,2.70383
5067,1.50918
5067,0.980337
5067,4.27142
5067,0.351614
5067,0.719551
5067,3.14287
5069,2.45763
5069,0.0839191
5071,2.25422
5071,0.416237
5072,2.28005
5072,2.08178
5072,1.25684
5072,2.04263
5072,2.74324
5072,0.467557
5072,2.74324
5072,0.234274
5072,0.373164
5072,0.997362
5072,0.980483
5072,0.561881
5072,0.561881
5072,2.08112
5089,2.43503
5089,2.76137
5097,0.213508
5097,2.52609
5097,3.69617
5097,2.52609
5097,3.14382
5105,1.69733
5105,2.14336
5105,1.54807
5105,0.893645
5105,0.772167
5105,1.57
5105,0.0846996
5105,3.28284
5105,1.17648
5105,1.17648
5105,0.30136
5105,1.22698
5105,1.58369
5105,2.50674
5105,3.11459
5105,1.64401
5106,1.51758
5106,2.7207
5106,0.67247
5106,1.60586
5109,1.04658
5109,1.47695
5109,1.69872
5109,0.213881
5109,1.10312
5109,2.0814
5109,1.8032
5109,0.433325
5109,0.729561
5109,0.381835
5109,1.51137
5109,2.9823
5109,2.45603
5109,0.330373
5109,0.490311
5109,0.490311
5109,0.490311
5109,2.84864
5111,1.58081
5111,2.65497
5111,4.51694
5118,2.06608
5118,2.02228
5118,1.80028
5118,2.76469
5121,2.27572
5121,0.910706
5121,2.35216
5121,1.60406
5121,0.306516
5121,2.80538
5121,2.02958
5121,2.02974
5121,2.80755
5121,2.36905
5121,1.80501
5121,2.47526
5121,1.33338
5121,0.633767
5121,2.7031
5121,0.910706
5121,2.23745
5121,3.14581
5121,1.33338
5121,0.906695
5121,0.539133
5122,3.12501
5122,2.78071
5122,0.989882
5122,0.706776
5122,1.13739
5122,4.76685
5122,1.36378
5122,0.261623
5122,0.938176
5122,2.92905
5125,0.792883
5125,1.71153
5125,1.39545
5125,0.793738
5125,0.768452
5125,1.23572
5125,2.87112
5125,2.85401
5125,2.01226
5125,2.18998
5125,1.54989
5125,5.25852
5125,1.49485
5125,1.62816
5125,2.90953
5125,1.54989
5125,1.23572
5125,2.17863
5125,1.62816
5133,2.70725
5133,1.47346
5133,2.28271
5133,1.84588
5133,2.10748
5133,2.70725
5133,3.70781
5133,2.96484
5133,2.96484
5133,0.457812
5133,2.66727
5133,2.68617
5133,0.446584
5133,3.18236
5133,1.36727
5133,2.95515
5140,1.46317
5140,2.39328
5140,3.15156
5140,1.26436
5140,1.09101
5140,2.04156
5140,1.90988
5140,0.938935
5140,2.49957
5140,1.90988
5140,0.47937
5140,4.94266
5140,1.09101
5140,2.534
5140,1.09334
5140,1.57474
5145,1.40769
5145,1.02474
5151,0.867608
5151,0.867608
5153,1.96462
5153,4.08666
5153,0.79982
5153,0
5153,1.47053
5153,1.18663
5156,0.0210346
5162,0.340389
5162,0.440814
5162,1.68932
5162,2.76284
5162,0.158393
5162,1.2464
5162,1.97112
5162,0.856881
5162,2.08138
5162,1.67386
5173,3.07369
5173,0.515588
5173,1.14394
5173,3.07369
5173,3.07369
5173,3.07369
5173,0.691361
5173,2.62243
5175,3.08268
5175,2.97425
5175,1.45973
5175,2.3625
5175,0
5175,0.38222
5175,2.74216
5175,2.06015
5175,1.77367
5175,0.436387
5175,0.0611408
5175,1.94914
5175,1.94914
5175,1.97212
5175,0
5175,1.69714
5175,0.213438
5175,1.46231
5175,0.622821
5175,1.84097
5175,2.38253
5175,2.31476
5175,0.622821
5175,2.1117
5201,1.79076
5201,0.289175
5201,1.72193
5201,1.18411
5201,1.4457
5201,1.72193
5201,2.04551
5201,0.0215431
5201,1.72193
5201,0.826548
5205,0.557424
5205,0.759343
5205,1.93488
5205,0.437467
5205,2.65246
5205,1.86479
5218,1.09854
5218,1.53996
5218,2.7869
5218,0
5218,1.64128
5218,0.90782
5218,1.63872
5218,0.940553
5218,1.11817
5218,1.23534
5218,1.23534
5218,2.52433
5218,1.16226
5218,1.81245
5218,1.81245
5218,2.82142
5218,2.34063
5218,0.992591
5218,0.992591
5218,1.81245
5218,2.64637
5218,5.61235
5221,3.13092
5221,0.143115
5221,0.349866
5221,3.11878
5226,0.785518
5226,0.776403
5226,4.22421
5226,2.07081
5226,0.64876
5226,0.365731
5226,0.365731
5226,2.14829
5226,2.77115
5226,1.49138
5226,4.22072
5226,1.13687
5229,2.44584
5230,1.99864
5230,0.492073
5230,0.492073
5230,2.25791
5230,2.25791
5230,2.04318
5230,0
5230,1.85681
5230,2.16283
5230,0.445338
5230,0.197831
5230,1.78974
5230,1.67888
5231,2.29774
5231,0.321396
5231,0.467787
5231,1.64651
5246,1.376
5246,2.24171
5246,1.26761
5246,1.47669
5246,2.93417
5246,1.57869
5246,3.17029
5246,2.09067
5246,2.68352
5246,3.52718
5246,2.68352
5246,2.36379
5246,1.8601
5246,1.65648
5246,0.0883693
5246,2.63668
5246,0.84523
5246,1.76687
5246,1.8078
5246,1.37235
5246,2.76573
5246,2.54843
5246,1.9267
5246,2.72615
5246,1.8078
5246,2.62332
5246,0.196848
5246,2.49194
5246,0.833417
5246,3.08368
5246,0.802504
5246,1.17732
5246,3.94386
5246,0
5246,0.851054
5246,0.866939
5246,1.41074
5246,0.851054
5246,1.6202
5246,2.03801
5246,2.70512
5246,2.36416
5246,2.12988
5246,1.58319
5246,3.01696
5246,0.234365
5246,0.234365
5246,2.99609
5246,0.904426
5246,2.91804
5246,0.724573
5246,2.67415
5246,2.41902
5246,1.33275
5246,2.3239
5246,1.42503
5246,1.62451
5246,0.718277
5246,0.638874
5246,0.348872
5246,2.9798
5246,1.62787
5246,2.46085
5246,0.91157
5246,2.46085
5246,2.46085
5246,2.46085
5246,0.91157
5246,1.08658
5246,0.496037
5246,1.08658
5246,1.09522
5246,0.662354
5246,3.02638
5246,2.10638
5246,1.16593
5246,1.65124
5246,2.26975
5246,2.37896
5248,0.893046
5248,0.408008
5248,3.17372
5248,0.585007
5248,0.424621
5248,2.07987
5248,1.75945
5248,2.20997
5248,2.49178
5248,2.37657
5248,0.151045
5248,3.07751
5248,2.83107
5248,2.23797
5248,2.02407
5248,3.40189
5248,0.302666
5248,2.57707
5248,0.961397
5248,2.37777
5248,2.37777
5248,2.37777
5248,1.20064
5248,0.211433
5248,0.153676
5248,1.40729
5248,1.55442
5248,0.500126
5248,1.00936
5248,1.00936
5248,2.25723
5260,1.82783
5260,2.80337
5260,3.18648
5260,3.10318
5260,3.10318
5260,1.91648
5260,0.728475
5260,2.27161
5260,4.04363
5260,2.95203
5260,0.546762
5260,0.728475
5260,0.772064
5260,2.95203
5260,6.58096
5260,0
5260,0.707848
5260,5.57476
5260,0.707848
5260,2.978
5260,2.73954
5260,0
5260,1.57988
5260,1.17553
5260,0
5260,2.72282
5262,0
5271,2.82617
5271,2.82617
5271,1.11087
5271,3.17164
5271,1.39731
5271,1.39731
5271,2.37362
5271,3.07744
5271,3.07744
5271,1.36393
5271,1.36393
5271,0.239433
5271,2.85111
5271,1.50298
5271,6.53205
5271,0.174895
5271,1.73307
5271,2.73939
5271,1.50826
5280,0.382557
5288,1.50748
5288,2.88334
5295,2.436
5295,0.640796
5295,0.255586
5295,0.255586
5295,3.09843
5295,0.458609
5303,0.700485
5303,2.08328
5303,4.52796
5303,2.08328
5303,1.72456
5303,1.01435
5303,2.62717
5303,0.78957
5303,1.89877
5303,2.62717
5303,1.3176
5308,0.431437
5311,2.61842
5311,4.25988
5311,2.24806
5311,3.76152
5311,1.04924
5311,1.23502
5311,2.24806
5311,0.880894
5311,0.352233
5311,2.04293
5311,2.59693
5311,2.59693
5311,1.52899
5311,1.94741
5311,2.55848
5311,0.460696
5311,2.46505
5311,2.93258
5311,2.26754
5311,2.26754
5311,4.05071
5311,2.40842
5311,1.58907
5311,1.77419
5311,0.352738
5311,1.04552
5311,2.42639
5311,2.61963
5311,0.521677
5311,1.35425
5311,0.352738
5311,0.782582
5311,0.753364
5312,2.51501
5312,0.878324
5312,1.52102
5312,1.07989
5312,1.07989
5312,0.675507
5312,0.377595
5334,1.47763
5334,1.1141
5334,0.896444
5334,2.34977
5334,0.631008
5334,5.76132
5338,1.05104
5338,3.03788
5338,1.77807
5338,2.46121
5338,1.56439
5338,1.8764
5338,1.77807
5338,2.23505
5338,0.975465
5356,1.62737
5356,0.752524
5356,0.993175
5356,2.86845
5356,1.28794
5379,0.81094
5379,0.928664
5382,1.07982
5382,0.351058
5382,1.64532
5382,1.75256
5382,0.0290619
5392,0.281997
5395,1.49079
5395,0.277123
5395,2.12893
5395,2.88391
5401,1.12463
5409,2.88573
5409,4.42369
5409,0.329102
5421,3.87393
5421,2.69376
5421,3.87393
5421,1.967
5421,1.77042
5421,2.34642
5421,1.49328
5421,3.87393
5421,2.34642
5421,1.49328
5421,1.46445
5421,3.15938
5428,0.369231
5447,1.0165
5447,1.51202
5447,2.07197
5447,1.23276
5447,1.48571
5447,3.13236
5447,1.56097
5447,2.96752
5447,1.56097
5447,1.11547
5447,0.821251
5447,0.892776
5447,3.09272
5449,0.862011
5449,1.24147
5466,2.33412
5470,2.18899
5470,2.73808
5470,1.60137
5470,0.958973
5470,1.5754
5470,3.59254
5470,0.958973
5470,3.33287
5470,1.37032
5470,1.5853
5477,2.58788
5499,0
5499,0.680167
5499,3.15172
5499,0.455593
5499,2.75673
5499,0.346234
5499,0.583972
5499,1.54259
5499,2.82959
5499,1.51433
5499,1.54259
5499,1.75537
5499,0.710436
5499,0.402284
5499,1.25284
5499,5.11048
5499,1.32856
5499,1.32856
5499,2.79478
5499,2.94259
5499,2.31667
5499,1.93354
5499,2.59557
5499,1.15813
5499,1.15813
5499,2.41038
5499,1.61853
5499,2.41038
5499,0.433647
5499,1.91181
5499,2.41038
5499,2.53809
5499,2.16137
5499,1.01207
5499,0.397779
5499,0
5499,2.16137
5499,0.0095942
5499,2.78464
5499,2.78464
5499,0
5499,3.08211
5499,0.495123
5499,0.898585
5499,0.0143033
5499,2.5291
5499,1.44896
5499,3.14145
5499,1.44896
5499,0.476349
5499,0.493123
5499,2.5291
5499,2.92463
5499,1.02831
5499,1.03217
5499,1.70565
5499,3.0945
5499,2.70496
5499,2.04307
5499,0
5499,1.93281
5499,1.3365
5499,0.690123
5499,4.09422
5499,0.498376
5499,1.77438
5499,2.73651
5499,2.5105
5499,2.97516
5499,1.37061
5499,0.874147
5499,0
5499,1.07121
5499,2.42198
5499,3.10634
5499,3.97798
5499,1.726
5499,2.90273
5499,1.87693
5499,4.49674
5499,1.95099
5499,1.46399
5499,1.95099
5499,3.68638
5499,0.78111
5499,2.56973
5499,1.29192
5499,1.0218
5499,2.46868
5499,1.0218
5499,2.05082
5499,1.41276
5499,4.80356
5499,0.966508
5499,1.16903
5503,1.83828
5503,5.28171
5503,2.40726
5503,1.43218
5514,5.76766
5514,2.86113
5514,1.72246
5519,3.18427
5519,2.83055
5519,1.17889
5519,2.38882
5519,2.01996
5519,1.61049
5519,1.14211
5519,1.51169
5522,0.589006
5522,0.537192
5522,1.62192
5522,1.03431
5522,3.09683
5522,3.46458
5522,2.5706
5522,1.41687
5522,0.77329
5522,1.43548
5522,0.381393
5523,0
5523,1.43726
5523,0.249029
5523,0.668354
5523,2.90067
5523,2.86051
5523,0.292655
5534,1.88771
5534,2.78482
5534,0.669973
5534,2.23084
5534,1.42898
5534,2.23084
5534,1.68582
5534,0.00968765
5534,2.68205
5534,0.16972
5534,2.81286
5534,0.743072
5534,0.485479
5534,1.12589
5534,1.29262
5534,1.29262
5534,1.39564
5534,2.50701
5534,0.557027
5534,3.99809
5535,1.12914
5535,1.43905
5535,2.05069
5535,2.05069
5535,2.45114
5535,1.49823
5535,1.53972
5535,0.57783
5539,2.20167
5539,0.602634
5539,2.56331
5543,1.67779
5546,1.90544
5548,5.39437
5548,1.43364
5548,2.77212
5548,5.81351
5548,0.304158
5548,2.91834
5548,0.153241
5549,1.05006
5549,1.62117
5549,1.26152
5549,3.94364
5549,2.60356
5549,2.25878
5549,1.71626
5549,2.6709
5549,1.06964
5549,0.785555
5549,2.31988
5551,1.43
5551,2.01402
5551,2.01402
5551,3.06122
5551,1.49279
5551,3.06122
5551,0.487057
5551,2.30537
5551,0.895877
5551,5.31915
5551,3.01171
5551,1.19201
5551,1.08502
5551,1.08502
5551,0.678397
5551,1.88278
5551,0
5551,2.31938
5551,2.56962
5551,1.05887
5551,3.35092
5551,1.54933
5551,0.510965
5551,1.55153
5551,3.09142
5551,2.53706
5551,2.2845
5551,4.18744
5551,1.64461
5551,3.2673
5551,0.418398
5551,1.41034
5551,0.108626
5551,0
5551,1.85346
5551,1.897
5551,2.9191
5551,0.93045
5551,2.07663
5553,1.80833
5553,0
5553,1.733
5553,4.12173
5553,0
5553,1.08857
5553,0
5553,0
5553,1.30728
5553,0
5553,0.626759
5563,0
5567,3.15507
5567,0.12375
5567,2.8281
5567,2.60029
5567,3.09374
5567,2.39345
5567,0.683841
5567,2.88629
5567,0.391631
5567,1.11698
5567,2.31591
5567,1.3693
5567,2.81825
5567,1.02217
5567,0.469832
5575,2.94884
5575,1.41294
5581,3.71865
5581,1.68348
5581,0.0745054
5581,1.68007
5581,1.68848
5581,1.68848
5583,0.597307
5584,1.26121
5593,2.23282
5593,1.96752
5593,0.498835
5593,0.498835
5593,5.388
5593,1.43483
5593,0.45166
5593,1.95582
5593,1.05243
5593,0.916342
5603,0.353197
5603,0.309655
5604,0.52986
5604,0.665926
5604,2.85782
5604,2.46628
5604,2.1555
5604,0.617642
5604,0.335054
5604,1.1335
5604,1.32924
5604,2.46163
5604,2.55189
5604,2.32663
5604,2.00183
5604,2.68748
5604,1.50302
5604,1.72678
5604,0.62967
5604,0.587719
5604,1.35315
5604,1.63561
5604,0.736825
5604,0.918961
5604,0.918961
5604,2.64497
5604,2.91516
5604,1.92385
5604,0.36387
5604,1.72338
5604,0.553596
5604,0.50003
5604,3.06006
5604,0.98613
5604,0.412215
5604,2.88363
5604,0.860546
5604,1.13489
5604,3.98761
5604,2.36004
5604,1.11271
5604,1.11271
5604,0.233436
5604,1.65562
5604,0.109851
5604,0.410376
5604,0.979858
5604,2.84178
5604,3.18135
5604,3.18135
5604,2.82485
5604,2.79727
5604,2.18393
5604,0
5604,1.44767
5604,0
5604,2.98089
5604,1.96891
5604,2.2971
5604,1.20012
5604,0.511865
5604,1.40383
5604,3.32213
5604,3.66792
5604,0.80797
5604,1.22888
5604,2.13218
5604,2.13663
5604,1.84354
5604,2.13218
5604,0.0610193
5604,2.49926
5604,1.22888
5604,0.0495297
5604,2.44229
5604,1.22888
5604,3.66792
5604,5.5238
5604,0.506768
5604,2.13218
5604,0
5604,0.533912
5604,0.516853
5604,0.590362
5604,2.58726
5604,2.58726
5604,2.68538
5604,1.91043
5604,1.32387
5604,1.67928
5604,1.1171
5604,0.763204
5604,1.33921
5604,0.6282
5604,2.84839
5604,1.17986
5604,0
5604,1.27566
5604,2.32433
5604,2.72542
5604,1.95151
5604,2.41794
5604,1.28479
5604,1.68994
5604,2.86616
5604,0.017779
5604,2.17379
5604,2.41794
5604,2.37456
5604,2.37456
5604,2.37456
5604,0.98331
5604,1.48912
5604,0.0247361
5604,1.48912
5604,1.84234
5604,1.38134
5604,0.619203
5604,1.58595
5604,2.29025
5604,0.884707
5604,2.1753
5604,2.1753
5604,2.1753
5604,0.114477
5604,1.83432
5604,1.30476
5604,2.66595
5604,1.67862
5604,2.66595
5604,1.67862
5604,0.859562
5604,1.7278
5604,1.60351
5604,0.487609
5604,1.60351
5604,1.60351
5604,1.60351
5604,4.3426
5604,1.60351
5604,1.51807
5604,1.2151
5604,3.06178
5604,3.38645
5604,3.11996
5604,2.79387
5604,1.66914
5604,1.44695
5604,0.43309
5604,1.02468
5604,1.62574
5604,3.62171
5604,0.438377
5604,2.80456
5604,0.381209
5604,2.57204
5604,0.3774
5604,0.209124
5604,1.68248
5604,2.6719
5604,0.10569
5604,1.508
5604,0.324565
5604,1.10523
5604,0.370942
5604,3.01224
5604,3.01224
5604,2.55418
5604,2.06876
5604,2.68278
5604,1.80687
5604,1.80687
5604,1.30312
5604,2.05486
5609,1.22055
5609,1.39779
5615,2.29545
5615,2.15973
5615,2.81859
5615,2.81859
5616,1.60133
5616,2.59737
5616,2.59737
5616,0.636544
5616,2.15627
5616,0
5629,2.93514
5631,2.47472
5633,0.301296
5633,0.544729
5633,2.27995
5633,2.27995
5633,0.189603
5633,1.46172
5633,0.189603
5633,1.36326
5633,0.771572
5633,1.95546
5633,1.52907
5633,0.55115
5633,2.83953
5633,2.30692
5633,0.00212135
5633,1.58375
5633,2.30692
5633,1.09256
5633,3.07295
5633,1.09256
5633,2.41641
5633,0.932634
5633,2.54579
5633,3.07139
5633,2.54579
5633,2.08942
5633,4.82858
5633,1.17694
5633,1.14792
5633,2.51661
5633,2.47817
5633,3.16276
5633,2.02319
5633,0.0049114
5633,1.89485
5633,1.13382
5633,2.02184
5633,2.02184
5633,2.02184
5633,0
5633,1.35914
5633,1.03359
5633,2.08236
5633,0.992093
5633,0.034833
5633,2.08236
5633,1.15738
5633,3.09589
5633,4.39396
5633,0.198237
5633,0
5633,0.0172628
5633,3.09589
5633,0.941558
5633,3.09589
5633,0.583762
5633,0
5633,2.08236
5633,0
5633,2.08236
5633,0.337246
5633,0.583762
5633,1.50989
5633,1.09038
5633,2.01255
5633,3.09589
5633,1.10754
5633,2.23984
5633,1.38333
5633,1.80866
5633,1.1414
5633,2.31901
5633,0.429163
5633,2.78014
5633,0.0341109
5633,0.418205
5633,2.35352
5633,0.418205
5633,2.35352
5633,3.09118
5633,2.86935
5633,4.45532
5633,1.67004
5633,3.08572
5633,0.159765
5633,3.07022
5633,1.8616
5633,2.26479
5633,2.33203
5633,0.723342
5633,0.723342
5633,0.951821
5633,0.723342
5633,0.274853
5633,0.749528
5633,0.749528
5633,3.11717
5633,2.41201
5633,2.78122
5633,1.92079
5633,2.89961
5633,3.17812
5633,1.42047
5633,3.19336
5633,0.950758
5633,1.18223
5633,0.280041
5633,1.89026
5633,2.34896
5633,1.89026
5633,1.50419
5633,3.48607
5633,2.98859
5633,1.40615
5633,3.10898
5633,0.921193
5633,0.291828
5633,0.615311
5633,0.539548
5633,1.83356
5633,1.74958
5633,2.86971
5633,0.640013
5633,2.86971
5633,2.48182
5633,0.196691
5633,0.63458
5633,0.196691
5637,0.707785
5637,1.87535
5637,0.20887
5637,0.155106
5637,1.01051
5637,1.4088
5637,0.707785
5637,3.03952
5637,0.707785
5637,0.209619
5637,1.4199
5637,3.03952
5637,3.18818
5637,3.18818
5637,1.49401
5637,3.18818
5637,0.336823
5637,0.830155
5637,1.70839
5637,2.08278
5637,1.33047
5637,1.09516
5637,1.16626
5637,1.35305
5637,1.35305
5637,1.30599
5637,1.163
5637,2.53477
5637,3.10961
5637,1.3714
5637,1.05775
5637,0.215168
5637,0.838481
5637,2.73436
5637,1.12651
5637,2.98081
5637,2.79946
5637,1.21089
5637,2.53529
5637,0.111969
5637,0.968038
5637,3.02101
5637,1.51109
5637,3.10154
5637,2.98434
5637,3.75589
5637,2.53296
5637,0
5637,4.78766
5637,1.37434
5637,3.03237
5637,0.318518
5637,1.72997
5637,1.41094
5637,1.24165
5637,0.250548
5637,0.162318
5657,1.50329
5657,1.50329
5657,0.000190872
5657,1.50329
5659,0.118923
5659,2.78262
5659,2.2449
5659,0
5659,0.118923
5659,1.24375
5659,1.35362
5659,1.24375
5659,0.978024
5662,1.06635
5662,2.87169
5662,1.88317
5662,2.05014
5662,0
5662,0
5666,1.44917
5666,0.448749
5666,3.4385
5666,1.46847
5666,2.69142
5666,1.86946
5666,1.92142
5666,1.42907
5666,0.704047
5666,4.19738
5666,1.79336
5666,3.04773
5666,1.50417
5666,1.50417
5666,0.622767
5666,0.622767
5666,0.622767
5666,2.88604
5666,3.12407
5666,2.28599
5666,2.3048
5666,2.28599
5666,0.0918096
5666,2.3048
5666,2.93926
5666,2.49
5666,1.16052
5666,2.32788
5666,0.429598
5667,2.65494
5667,1.44008
5673,0.555638
5673,0.816786
5673,2.29756
5673,0.555638
5673,0.177942
5673,2.7889
5673,2.60142
5673,1.4805
5673,1.08556
5673,3.5908
5673,2.98293
5673,2.10753
5673,1.23305
5681,3.09488
5681,1.87906
5681,0.263082
5681,2.43017
5681,1.34303
5681,1.12747
5681,0.918061
5681,3.26225
5681,1.6261
5681,2.48397
5681,2.35397
5681,2.32828
5681,1.11966
5681,1.69538
5681,1.87967
5681,2.18803
5681,1.3786
5681,1.69741
5681,1.14785
5681,1.23234
5681,0.253042
5681,0.285512
5681,2.43638
5681,2.40067
5681,2.52056
5681,3.12663
5681,1.54661
5681,1.92179
5681,0.68686
5681,2.74163
5681,1.67302
5681,0.68686
5681,0.68686
5681,2.74163
5681,2.28832
5681,1.67101
5681,1.59778
5681,2.20451
5681,0.808564
5681,1.57344
5681,1.51722
5681,0.77001
5693,1.37608
5693,2.94909
5693,2.04222
5694,1.96593
5694,0.819024
5735,0.876455
5735,0.693799
5735,0.693799
5746,2.20639
5746,2.20639
5746,2.20639
5746,2.20639
5746,2.20639
5746,2.20639
5746,2.20639
5750,1.34576
5750,2.03124
5750,3.76727
5752,2.78995
5754,2.95126
5754,0.798915
5754,2.67329
5754,1.71324
5754,0.609083
5754,0
5754,0
5756,0
5775,1.79964
5775,1.69412
5775,0.611766
5779,3.02362
5793,0.897593
5793,1.7729
5793,0.379015
5793,2.11958
5796,0.245478
5796,1.0219
5796,0.465038
5796,0.147678
5796,1.60831
5802,2.37028
5803,2.90197
5803,0.997569
5803,2.40445
5803,0.384451
5807,1.50844
5807,0.757649
5807,1.79318
5812,0
5812,0
5812,0.961872
5812,0.584063
5812,0.0693839
5812,0.584063
5812,1.85975
5812,0.0836804
5812,1.51547
5817,1.19443
5817,0.941845
5818,0.46513
5819,0
5819,3.02255
5820,2.41397
5820,2.41397
5820,1.31645
5823,1.12671
5823,0.815839
5823,1.44625
5823,2.33286
5823,0.472426
5823,1.50907
5823,0.400161
5823,0.400161
5823,2.11008
5823,0.400161
5826,0.876028
5826,0.787835
5826,0
5826,2.19101
5826,2.03484
5827,0.866823
5828,2.29058
5830,2.13725
5831,3.16878
5831,0.631324
5831,2.30046
5831,1.98007
5831,0.811846
5837,1.2113
5837,2.88285
5837,2.91141
5837,2.55328
5840,0.0952515
5842,2.26005
5842,0.197865
5842,4.09109
5842,1.11855
5842,2.39622
5842,0.318865
5842,0.318865
5842,3.69413
5842,0.278831
5842,3.13142
5842,1.00728
5842,2.87522
5842,1.85893
5847,2.24325
5849,3.29723
5849,1.59585
5851,2.14516
5851,1.17934
5851,2.14516
5852,2.68385
5852,2.64555
5852,2.52111
5852,3.73051
5858,1.18856
5858,0.170751
5860,0.0486981
5860,2.90817
5860,0
5860,0.412695
5860,2.80781
5860,0.412695
5860,0.39359
5863,1.82274
5866,0.681664
5889,2.79267
5893,1.47713
5893,1.64922
5893,1.33479
5893,1.13082
5893,3.08815
5893,0.841097
5893,2.36157
5893,1.10107
5893,0
5893,3.08815
5893,1.04295
5893,2.33659
5893,0.489964
5893,1.40633
5893,1.21486
5893,0.648244
5893,3.02351
5893,1.23837
5894,0.894457
5894,1.81076
5895,2.28968
5895,1.24006
5895,0.764889
5895,2.99702
5895,0.626977
5895,0.0654953
5895,1.55241
5896,0.0312566
5896,1.74825
5896,2.06172
5896,1.74825
5896,1.45377
5896,3.00438
5896,0.44448
5896,2.70258
5896,1.355
5896,1.9554
5903,0.471432
5903,0.471432
5903,0.471432
5903,0.471432
5903,0.471432
5903,1.89731
5903,0.948145
5903,0.0196454
5903,0.694273
5903,1.26268
5903,1.30977
5903,1.26268
5903,0.0196454
5903,4.41095
5903,2.04069
5903,0.795102
5903,2.40598
5903,0.924458
5903,4.41095
5903,0.575255
5903,1.43153
5903,1.26268
5903,3.03213
5903,4.41095
5905,2.422
5915,1.28703
5915,1.28703
5924,1.92525
5927,1.17996
5927,3.09868
5927,0.734802
5927,6.49273
5929,1.85525
5929,0
5929,3.40935
5929,2.365
5929,2.00083
5929,0.383003
5929,1.20501
5929,1.04242
5929,0.449074
5929,3.17759
5929,0.491212
5929,0.578448
5929,0.327907
5929,2.62193
5929,0.491212
5929,2.16548
5929,2.08008
5929,1.58121
5929,0.491643
5929,2.8752
5929,0.491212
5930,1.44121
5930,1.45157
5930,0.504195
5930,2.74778
5930,2.62577
5930,2.62577
5930,0.923393
5930,1.64427
5930,2.65795
5930,2.74778
5930,4.14345
5930,1.45157
5930,0.923393
5930,1.44121
5930,1.92308
5930,0.923393
5930,2.62577
5930,0.923393
5930,2.74778
5930,2.89743
5930,0.923393
5930,0.794783
5930,2.17822
5933,1.31512
5933,2.47752
5934,0.837622
5940,2.85776
5940,0.167821
5940,5.95403
5940,1.50499
5940,2.42628
5940,2.70102
5940,0.56937
5940,1.89276
5940,3.54958
5940,3.16433
5940,2.10485
5940,3.2632
5940,1.41255
5940,4.1031
5940,1.57987
5940,0
5940,1.66847
5940,0
5941,2.56103
5946,2.91151
5946,3.09071
5946,0.665407
5951,2.15627
5951,0.768938
5955,2.40811
5955,3.03701
5955,1.01706
5963,1.20189
5963,0.263428
5963,0.337249
5963,0.873125
5965,1.71217
5966,1.02551
5966,0.435547
5970,2.35936
5970,3.13844
5970,2.17321
5970,2.14302
5970,0.453429
5970,1.97267
5970,3.9865
5970,2.14302
5971,0.282058
5971,1.71012
5971,1.71012
5971,2.01249
5971,0.85932
5971,0.85932
5971,0.829786
5971,2.15013
5971,0.658125
5971,4.57703
5971,0.816921
5971,3.75444
5971,3.53329
5971,2.56274
5971,2.35215
5971,2.82572
5971,1.20329
5971,2.98915
5971,3.14623
5971,0.270119
5971,2.32341
5971,1.05787
5971,2.84757
5971,4.13876
5971,4.94566
5971,1.1786
5976,2.54621
5976,1.35147
5976,2.55036
5976,1.17258
5976,1.059
5976,0.82554
5976,3.1953
5976,2.51665
5976,1.17258
5976,3.28209
5976,1.36029
5976,2.61753
5976,1.01316
5976,1.32365
5976,0.727795
5976,1.91776
5976,2.39519
5976,1.15464
5976,0.947222
5976,3.6773
5976,0.482864
5980,3.05522
5980,1.18974
5980,0.428524
5980,1.99534
5982,1.84856
5982,2.28389
5987,1.75781
5991,2.96981
5991,2.96981
5993,0.608517
5993,1.18392
5998,2.20431
5998,2.20431
5998,2.71042
6003,1.90278
6010,2.89895
6010,2.47567
6010,2.38843
6010,0.768327
6010,1.77216
6010,0.903292
6010,1.24149
6010,1.02954
6010,2.38843
6010,0.857825
6010,0.0418648
6012,2.59996
6012,0.514674
6012,2.21747
6012,3.12308
6012,0.258664
6012,8.34471e-05
6013,3.60015
6013,0.46226
6013,0.328192
6013,1.08229
6013,3.15832
6013,3.66608
6013,3.86518
6013,1.13517
6013,4.48879
6013,0.58415
6013,0
6014,0.514443
6014,2.75258
6014,0.911608
6014,0.121828
6014,1.32631
6014,1.52289
6015,3.01106
6015,0.277686
6015,1.36683
6015,1.70116
6015,0.897076
6015,2.2136
6015,0.111394
6015,2.83487
6016,1.89895
6017,0.576634
6017,1.69403
6017,3.54089
6017,0.061716
6017,4.39435
6017,1.7519
6017,0.389139
6017,1.90883
6017,0
6017,1.52634
6017,1.24047
6017,1.73564
6017,1.55436
6017,0
6018,0
6018,1.15248
6018,3.09694
6018,0.195329
6018,0.092856
6018,0.092856
6018,0.092856
6018,0
6018,0
6018,2.57103
6018,2.73158
6020,0.742599
6020,2.96784
6020,0.17486
6020,0.878423
6020,1.26508
6022,1.67619
6024,1.02403
6024,2.30881
6024,1.95036
6024,2.96215
6024,1.9244
6024,2.54314
6024,1.48169
6032,2.71689
6033,2.97667
6034,1.29836
6034,0
6034,0.912471
6034,2.07817
6034,0.762143
6034,0.912471
6034,1.79805
6034,2.41344
6034,1.22272
6034,0.912471
6034,2.65287
6034,1.22272
6034,0.944059
6034,0.253368
6034,1.99309
6034,0.690811
6034,1.99309
6034,1.99309
6034,1.34128
6034,3.02469
6035,3.02289
6035,1.0437
6035,1.91811
6036,0
6036,1.42877
6036,1.84286
6036,0.975386
6036,2.15727
6036,3.10809
6036,0.975386
6036,2.15727
6036,2.13445
6037,2.80197
6041,2.56299
6041,1.88758
6041,1.88758
6042,0.503718
6042,0.503718
6042,0.503718
6045,1.59335
6045,2.33315
6045,2.25697
6045,0.267355
6045,2.7524
6045,2.18199
6045,1.81025
6045,1.66631
6045,2.75699
6045,0.526703
6045,0.318017
6045,1.76837
6045,1.79883
6045,0.825526
6045,0.07344
6045,0.07344
6045,4.51897
6049,0
6052,0.904146
6056,1.67121
6056,1.67121
6062,1.70515
6062,0.0128077
6062,2.09233
6062,3.33558
6062,2.58793
6062,2.39486
6062,2.09233
6062,3.33558
6062,2.64197
6062,3.53722
6062,2.09233
6062,1.1965
6062,2.09233
6062,2.09233
6062,2.7245
6062,1.41019
6064,0
6080,1.02432
6083,1.31224
6099,3.02672
6099,3.02672
6099,3.02672
6099,1.17721
6099,1.02732
6099,0.786695
6099,3.09294
6099,3.09294
6099,3.45124
6099,1.78587
6099,1.63759
6099,3.09294
6099,3.01873
6099,3.15129
6099,2.65616
6099,3.09294
6099,2.11398
6099,1.19307
6099,0.165423
6099,1.31127
6099,0.582648
6099,0.540543
6099,0.829952
6099,0.822184
6099,1.55384
6099,2.24242
6099,1.17811
6099,2.10852
6099,2.80299
6099,2.10852
6099,2.40536
6103,0.527775
6103,0.527775
6114,1.86695
6114,4.89167
6114,2.86499
6114,0.112763
6114,0
6114,1.56485
6115,0.236773
6115,2.78128
6115,2.61584
6115,2.49821
6116,3.28621
6118,2.41779
6118,1.8909
6118,2.036
6129,1.66658
6129,1.59498
6129,2.36663
6129,1.59498
6129,1.42529
6129,3.03507
6135,2.21581
6135,3.21114
6135,2.14142
6139,2.67415
6139,1.35565
6139,2.15066
6139,2.86423
6139,0.296884
6139,2.28968
6141,2.60808
6147,1.94038
6147,2.84343
6151,0.279903
6154,0
6154,0.456319
6154,0.0570361
6160,0.594749
6170,2.99765
6170,1.75888
6170,1.60847
6170,2.8144
6170,0.847081
6170,0.847081
6170,1.30951
6170,2.28713
6170,2.28656
6170,1.35471
6178,0.914353
6178,0.871122
6178,0.426794
6178,0.802022
6179,1.85447
6179,1.42841
6179,1.12627
6182,1.32473
6182,0.150131
6182,0.835531
6182,1.6113
6182,1.38017
6182,0.697692
6182,2.48847
6182,2.24119
6182,1.05051
6184,2.44506
6184,3.08819
6184,1.43241
6184,1.05125
6184,1.1304
6184,1.20443
6186,1.16508
6186,1.04697
6186,1.04697
6186,3.00468
6186,0.909243
6186,0.990515
6186,2.61816
6186,0.319502
6186,2.58663
6196,0
6200,2.41076
6211,1.5489
6211,2.95518
6211,2.73877
6211,3.96939
6211,1.89275
6218,2.98117
6218,2.69576
6218,2.35324
6218,0.653962
6218,2.61932
6218,0.78924
6218,3.06958
6218,1.47687
6218,1.49184
6218,3.06958
6218,1.04179
6223,0.632205
6223,0.632205
6223,0.632205
6223,0.848456
6223,2.16493
6223,0.848456
6223,1.85189
6223,2.51147
6223,2.74959
6223,0.317849
6223,0.732224
6223,0.125422
6223,1.54336
6223,2.51051
6223,2.38835
6223,0.0314449
6223,0.592068
6223,1.46148
6223,0.099172
6223,1.91425
6223,2.87312
6223,1.47983
6223,0.0770882
6223,3.16316
6223,1.62452
6223,1.09488
6223,1.83673
6226,2.28514
6226,2.99577
6227,2.5564
6232,0.155382
6232,0.735498
6239,0.396062
6240,2.82673
6240,0.58766
6240,2.3232
6240,1.63263
6240,2.95488
6240,2.82673
6240,4.42798
6240,3.25529
6240,1.45427
6245,2.78402
6245,5.83519
6245,1.16631
6245,1.84977
6245,0.284707
6245,1.61444
6245,1.51611
6245,1.47111
6245,3.31602
6245,0.884852
6245,3.0713
6245,0.584376
6256,2.00612
6260,2.82295
6260,1.66041
6260,1.53289
6260,2.82017
6260,2.3708
6260,0
6260,2.82017
6261,4.05456
6261,1.56988
6261,1.56988
6261,2.16061
6261,2.92895
6261,2.92895
6261,0.84617
6261,2.16061
6263,0.644865
6263,0
6271,2.703
6272,0.559394
6272,2.3689
6272,0.667361
6272,0.895559
6272,1.68129
6272,3.12203
6273,2.11568
6273,5.42047
6273,2.29047
6273,0.608383
6273,2.65326
6273,1.56411
6273,0
6273,1.56411
6273,3.6515
6273,2.58368
6273,3.6515
6278,0.0626552
6278,0.319405
6278,2.35454
6278,2.35858
6278,1.22222
6278,1.79808
6278,0.487219
6278,0.0484088
6279,1.78192
6279,2.81423
6279,2.80708
6295,0.955391
6301,3.07744
6301,1.14421
6301,2.34974
6301,3.07744
6301,0.679313
6301,0.821179
6301,0.660585
6304,1.76816
6304,2.92437
6304,1.24479
6304,2.96268
6304,1.56833
6304,2.08862
6304,1.39423
6304,2.08862
6304,1.56833
6305,2.01266
6305,3.05172
6305,1.25385
6305,1.25385
6305,1.09009
6305,2.20549
6312,2.74556
6312,2.74556
6312,1.71364
6312,1.91877
6312,2.51571
6312,1.71364
6312,3.01008
6312,2.34126
6312,3.01008
6312,2.98618
6312,1.71364
6312,2.98618
6312,0.802697
6312,2.98618
6315,2.10428
6315,1.7887
6315,1.7887
6318,1.75814
6318,2.44668
6318,1.75814
6320,0.932887
6320,1.71574
6320,2.00493
6320,2.1995
6335,0
6338,0.611357
6338,2.67504
6341,1.53581
6342,2.79586
6347,2.6764
6348,1.41224
6352,1.94585
6352,1.24288
6352,2.46934
6352,2.4357
6352,1.86155
6352,1.24288
6352,2.02599
6352,1.42163
6352,1.24288
6352,0
6352,1.94585
6352,1.50997
6352,2.12316
6352,0.366655
6352,1.03458
6352,0.515514
6352,2.86368
6352,0.45915
6352,2.60897
6352,1.56738
6360,2.72437
6364,0.579237
6372,0.760799
6372,1.83322
6380,0.87235
6380,2.67407
6380,2.67407
6380,1.24205
6382,3.07183
6382,1.19906
6382,1.50301
6382,1.03078
6382,1.16299
6382,3.16814
6382,2.24465
6382,1.82433
6382,3.32296
6382,2.19468
6382,2.20154
6382,2.36635
6382,0.531313
6384,1.69281
6384,2.7327
6384,2.10745
6384,1.54977
6384,3.03127
6384,0.74618
6384,0.0850032
6384,1.84884
6384,0.890834
6384,0.840171
6384,0.60814
6384,2.54789
6384,3.29615
6384,0.681595
6384,0.276699
6384,0.0691074
6384,0.645276
6384,0.346388
6384,2.64953
6384,0.975538
6384,3.17835
6384,2.06823
6385,1.1438
6385,1.04737
6385,1.36021
6385,0.260287
6385,1.16329
6385,1.20955
6385,1.20955
6385,2.28003
6387,2.16977
6387,1.26133
6387,0.511336
6387,1.15408
6387,1.3122
6387,1.15408
6387,1.95258
6387,0.886953
6387,0.383009
6387,0.617989
6387,0.963804
6387,2.45928
6387,1.60375
6387,0
6387,2.90919
6387,2.13103
6387,0
6398,1.70591
6398,2.58827
6407,1.64596
6407,1.41484
6407,2.73457
6407,1.41484
6407,0.21264
6407,1.41484
6407,0.499908
6407,2.0372
6407,2.09552
6407,2.73361
6407,4.31428
6407,0.680708
6407,0
6407,2.46914
6407,0.680708
6407,1.39173
6407,0.680708
6407,4.31428
6407,2.20113
6407,0.0791433
6407,0.712211
6407,1.42787
6407,1.6974
6407,0.715363
6407,2.93131
6407,0.715363
6407,1.89943
6407,3.17614
6407,1.39044
6407,0.305016
6407,1.49363
6407,3.21365
6407,3.11335
6407,3.32901
6407,3.3019
6407,3.73303
6407,1.72924
6407,1.55577
6407,0.114298
6407,1.70462
6407,2.0608
6407,2.48798
6407,1.39044
6407,2.87568
6407,0
6407,0.493911
6407,0.893672
6414,0.736172
6414,0.981524
6414,2.52382
6414,2.30533
6414,1.22865
6414,1.06675
6414,2.96359
6414,0.613265
6417,0.105023
6417,2.18789
6417,0.938603
6438,0.935138
6438,2.74381
6438,0.80907
6438,0.971165
6438,2.18267
6438,1.90621
6441,1.14928
6441,0.445302
6441,1.01242
6441,2.80518
6441,0
6442,0.622348
6442,0.622348
6442,0.622348
6442,1.55241
6442,2.1904
6442,2.1904
6442,2.56644
6444,2.90871
6444,1.48424
6444,3.84268
6444,2.50202
6444,0.179566
6462,2.12328
6462,2.02852
6462,1.11197
6462,2.02852
6462,2.70061
6462,2.06365
6462,0.977372
6462,2.88834
6464,2.30337
6464,0.318501
6464,1.4361
6464,2.0555
6464,0.952447
6464,0.952447
6464,0.819695
6464,2.50984
6464,0
6464,1.82857
6464,4.83077
6464,2.63388
6464,2.58527
6464,0.705519
6464,0.274716
6464,0.23595
6464,1.20602
6464,3.08241
6464,3.08241
6464,0.292665
6464,2.1375
6464,0.240124
6464,0.240124
6464,1.67398
6464,1.17928
6464,1.55889
6464,2.28844
6464,1.73704
6464,1.64363
6464,0.115774
6464,1.88075
6464,0.735806
6464,2.28844
6464,2.69032
6464,3.28312
6464,2.32854
6464,0.942669
6464,1.55846
6464,0.883179
6464,2.29486
6464,0.667059
6464,1.87872
6464,2.29451
6464,2.38058
6472,1.75767
6472,1.46483
6472,0.974995
6472,2.9602
6472,1.87517
6472,2.22229
6472,1.42175
6472,0.468325
6472,1.01132
6478,2.17942
6478,4.64166
6478,2.77343
6478,1.04229
6478,2.55577
6478,0.525324
6478,1.21699
6478,0.358544
6478,0.0166402
6478,1.72795
6478,0.651723
6478,2.99725
6478,1.67056
6483,0.0623645
6483,0
6488,0.00721231
6488,3.13454
6488,3.13454
6498,2.19103
6498,2.53961
6498,1.26265
6498,2.45456
6498,2.82565
6498,2.45456
6498,1.44908
6498,1.07812
6498,2.23373
6498,2.82565
6498,1.26265
6498,3.1347
6498,3.05852
6498,1.55735
6498,1.94893
6498,1.94893
6498,1.19255
6498,0.630729
6498,1.11735
6498,2.05164
6498,3.85133
6506,1.90396
6506,1.90396
6507,0.0877717
6507,3.06504
6507,1.5099
6512,0.462333
6512,5.09981
6512,0.725415
6512,2.29445
6512,1.51872
6512,2.83664
6512,1.32631
6512,1.32631
6512,2.99677
6512,1.44878
6512,0.457281
6512,0.249543
6512,1.29958
6512,0.366443
6512,0.593046
6512,0.683281
6519,2.79445
6519,3.01807
6519,2.24405
6519,1.55504
6519,2.83241
6519,0.393557
6519,5.12791
6519,4.49345
6519,2.1769
6519,1.56551
6519,4.49345
6519,2.30638
6519,2.73613
6519,0.707542
6519,0.0738036
6519,0.143876
6519,2.38883
6519,0.742711
6520,0.336527
6520,0.336527
6520,0.336527
6520,1.43653
6520,0.336527
6520,0.336527
6520,0.97287
6520,0.403747
6520,2.40507
6520,1.17772
6520,1.78021
6520,1.87882
6524,1.61731
6524,1.76779
6524,2.98859
6524,2.28041
6524,3.16013
6524,1.7802
6524,2.70411
6524,0.776006
6524,1.1976
6524,2.62094
6524,2.62824
6524,0.687873
6524,3.3463
6524,2.23015
6524,0.351725
6524,2.69668
6524,1.01919
6524,2.37023
6524,0.586705
6524,0.884739
6524,2.48248
6524,3.26415
6524,1.87691
6524,1.76103
6524,3.86552
6524,1.67755
6524,0.974386
6524,2.42942
6524,3.17826
6524,2.42942
6524,0.211788
6524,0.593739
6524,1.89173
6524,1.84097
6524,2.46672
6524,2.94324
6524,3.43978
6524,1.90032
6524,2.66623
6524,1.18966
6524,1.06895
6524,1.63055
6524,2.39713
6524,1.63055
6524,2.32761
6524,1.61909
6524,0.722204
6524,0.116027
6524,0.557952
6524,0.557952
6524,0.757782
6524,0.622272
6524,0.881373
6524,1.89751
6524,2.26562
6524,2.29442
6524,2.14874
6524,1.01066
6524,2.13135
6524,2.13135
6524,2.13135
6524,0.570007
6524,0.162776
6524,0.570007
6524,1.99464
6524,2.08971
6524,1.89751
6524,2.13135
6524,0.580337
6524,1.16371
6524,2.14874
6524,0.580337
6524,3.19247
6524,2.10348
6524,2.97964
6524,3.30229
6524,2.55703
6524,0.433807
6524,3.02839
6524,1.77639
6524,0.195018
6524,0.214099
6524,1.19575
6524,0.669888
6524,1.74467
6524,2.51717
6524,1.72011
6524,1.5201
6524,1.72011
6524,1.90821
6524,2.34701
6524,2.15064
6524,2.99568
6524,4.00116
6524,1.39144
6525,3.14496
6525,2.70824
6525,2.21278
6525,2.28148
6526,1.96362
6526,0.0894534
6526,0.0894534
6526,1.76276
6526,1.33673
6526,3.15998
6526,2.12315
6526,1.45223
6526,4.95375
6526,2.12485
6548,0.193999
6549,0
6551,3.16359
6551,1.71441
6551,2.3068
6551,0.08669
6551,0.354213
6551,0.530973
6551,0.834406
6551,2.59589
6551,2.44209
6551,3.06122
6551,1.33842
6551,2.74944
6551,2.77723
6551,3.93099
6551,0.63361
6551,5.10624
6551,1.25734
6551,1.28155
6551,5.25341
6551,2.91724
6551,1.43047
6551,1.84376
6551,4.17723
6551,2.88059
6551,2.06278
6551,0.881288
6551,3.99402
6551,3.41547
6551,3.08388
6551,1.39291
6552,0.905218
6552,2.01134
6553,2.09992
6553,2.09992
6553,0.377366
6553,0.997558
6553,2.71604
6553,2.51864
6553,2.63907
6553,2.02687
6553,0.0654722
6553,1.48125
6553,1.95293
6553,1.76051
6553,3.04039
6553,1.48125
6553,2.63907
6553,2.1641
6553,1.93258
6553,2.77444
6553,2.38379
6553,2.00114
6553,1.29283
6553,3.815
6553,2.77444
6553,0.31565
6553,1.75983
6553,0.611391
6553,3.44212
6553,2.55941
6553,2.55941
6553,2.21546
6553,2.21832
6553,0.519383
6553,0.519383
6553,1.37323
6553,2.97976
6553,1.9664
6553,2.53747
6553,1.3724
6553,0.896151
6553,5.60803
6553,0
6553,3.0087
6553,2.75681
6553,6.73745
6553,4.01311
6553,3.43506
6553,4.01311
6553,4.16109
6553,0
6553,2.08346
6553,2.77649
6553,1.80262
6553,1.02402
6553,2.18766
6553,1.02402
6553,2.2384
6553,1.21667
6553,2.78021
6553,1.21667
6553,1.97422
6553,1.21667
6553,2.78503
6553,1.7471
6553,1.21667
6553,0.909593
6553,0
6553,0.291129
6553,0.0671781
6553,0.0671781
6553,0.3798
6553,1.55809
6553,1.57694
6553,3.01955
6553,0.0671781
6553,1.57694
6553,1.57694
6553,2.60733
6553,1.83005
6553,2.88196
6553,2.96326
6553,2.58142
6553,2.58142
6553,2.94219
6553,0.169086
6553,0.169086
6553,0.517011
6553,1.66043
6553,3.18643
6553,1.40958
6553,3.02742
6553,0.764754
6553,0.479342
6553,2.42324
6553,2.30038
6553,3.07519
6553,1.64794
6553,4.07062
6553,3.84671
6553,1.63089
6553,2.599
6553,1.63089
6553,1.64309
6553,2.03165
6553,1.63089
6553,2.599
6553,1.47497
6553,2.59033
6553,3.18515
6553,0.306418
6553,0.748383
6553,1.99672
6553,3.0521
6553,1.24967
6553,2.43352
6553,0.634326
6553,3.09877
6553,0
6553,5.60315
6553,3.35134
6553,2.03084
6553,5.60315
6553,3.35134
6553,3.05288
6553,3.35134
6553,3.59586
6553,4.0941
6553,2.89689
6553,0.683165
6553,2.89689
6553,3.48007
6553,2.93049
6553,0.408896
6553,1.88224
6553,2.42819
6553,0.797583
6553,2.53618
6553,2.45062
6553,2.39596
6553,2.42819
6553,0.232529
6553,2.31174
6553,1.63336
6553,3.04258
6553,2.2823
6553,2.56638
6556,0.72095
6556,0.72095
6556,2.79824
6556,0.0181915
6556,1.91487
6556,2.03007
6556,2.97404
6556,2.97621
6556,1.59658
6556,1.00649
6556,2.93192
6556,1.00649
6556,1.12622
6557,0.442009
6557,1.26321
6557,0.845507
6557,0.711627
6557,0
6565,1.42113
6565,2.13489
6565,0
6565,2.13515
6565,2.03882
6570,1.67397
6578,2.88733
6578,0.724197
6578,0.724197
6578,0.945155
6578,0.935029
6578,0.724197
6578,0.724197
6578,2.46827
6582,1.39365
6583,2.90287
6583,1.56023
6583,2.71333
6583,1.40606
6583,1.69705
6625,1.56917
6625,2.16159
6625,1.92724
6625,2.47955
6625,0.708601
6625,3.07221
6625,0.904108
6625,0
6625,1.2869
6625,2.41175
6625,2.71948
6625,2.02345
6625,3.28944
6625,2.16159
6625,3.16931
6625,0.498764
6625,2.81479
6625,0.011589
6625,1.46757
6625,1.46757
6625,1.46757
6625,0
6625,1.97428
6625,2.0228
6625,0.983049
6625,2.72051
6625,0.49402
6625,0.537972
6625,0.357966
6625,1.52285
6625,1.2576
6625,0.255118
6625,0.222499
6625,2.919
6625,0.869815
6625,1.24843
6625,0.819417
6625,0.250708
6625,1.59824
6625,1.24795
6625,3.43961
6625,1.64907
6625,1.13032
6625,0.111968
6625,0.111968
6625,0.966222
6625,2.11056
6625,2.04871
6625,0.906782
6625,3.02112
6625,1.59302
6625,1.91682
6625,2.17046
6625,2.4928
6625,3.02112
6625,0.121708
6625,0.124334
6625,1.49393
6625,2.92552
6625,1.25447
6625,3.02205
6625,0.317613
6625,3.33065
6625,2.19637
6625,3.21084
6625,1.34755
6625,1.06956
6625,2.19759
6625,2.77928
6632,2.28435
6632,1.62926
6632,0.57103
6632,3.09806
6632,2.24248
6635,4.06522
6635,1.98395
6635,0.963645
6635,0.671723
6635,1.89415
6635,0
6635,0
6635,1.52828
6635,3.38186
6635,1.52828
6635,0.692213
6635,1.52828
6635,0.512279
6635,2.02886
6635,2.44646
6635,0.959128
6635,2.44646
6635,2.45239
6635,2.30102
6635,2.87237
6635,3.142
6635,3.13992
6635,0.802631
6635,3.07035
6635,0.406213
6635,0.406213
6635,0.517602
6635,1.17438
6635,0.413589
6635,3.10645
6635,3.04959
6671,0.517434
6671,3.0694
6671,1.14622
6671,0
6671,1.54887
6671,0
6671,2.54224
6671,1.78791
6671,2.85819
6676,0.747453
6676,1.44013
6676,3.07856
6676,1.5076
6676,2.8859
6676,0.269844
6676,1.66053
6676,0.768172
6676,2.44824
6676,2.65181
6676,0.238646
6676,2.48928
6676,0.0699672
6676,2.65181
6676,3.00817
6676,1.15106
6676,0.768172
6676,2.61839
6676,1.19405
6676,1.19405
6676,1.43578
6676,0.90003
6676,0
6676,0.499343
6676,2.09666
6676,1.64041
6676,1.64041
6676,2.05913
6676,1.91075
6676,2.11702
6681,1.46463
6681,0.56724
6690,2.48266
6690,2.07122
6703,2.75224
6707,2.9667
6707,1.0757
6716,2.45587
6732,0.259497
6732,1.66589
6732,0.259497
6732,0.259497
6740,3.5941
6740,1.98193
6740,0
6740,0
6740,0
6740,1.33586
6740,1.72589
6740,0.894657
6740,1.33586
6740,1.08155
6740,0.505917
6740,1.20446
6740,0.744069
6740,2.96296
6740,0.534688
6740,0.534688
6740,2.97649
6740,0.333454
6740,2.75628
6740,2.08359
6740,1.18708
6740,1.96707
6740,0.409809
6740,0.398214
6740,0.398214
6740,2.43549
6740,1.96977
6740,0.219364
6740,1.43268
6740,2.08154
6740,1.43268
6740,0.273647
6740,0.772848
6740,1.42516
6740,1.04863
6740,1.49529
6740,3.10003
6740,1.34321
6740,0.247357
6740,1.99773
6740,0.504706
6740,2.82169
6740,0.0165579
6740,0.0165579
6740,0.157427
6740,4.88117
6740,0.424173
6740,4.32727
6740,3.40649
6740,0.200134
6740,4.57756
6740,0.519626
6740,3.40649
6740,2.79164
6740,1.57145
6740,2.59638
6740,2.13696
6740,5.36142
6740,2.99213
6740,2.99213
6740,1.23676
6740,1.77017
6740,1.43214
6740,1.65789
6740,1.74058
6740,4.01092
6740,0.915433
6740,4.29454
6740,0
6740,0.318109
6740,1.95583
6740,4.18113
6740,1.77784
6740,1.79865
6740,0.966094
6740,0.966094
6740,1.28532
6740,0.0257888
6740,2.34826
6740,1.67223
6740,0.11762
6740,2.47539
6740,0
6740,0.997598
6740,3.11584
6740,2.16477
6740,0.13748
6740,0.500986
6740,0.910731
6740,4.46827
6740,0.572523
6740,0.910731
6740,5.52659
6740,3.06861
6740,3.06861
6754,1.10413
6754,1.94802
6754,2.49501
6754,2.67281
6754,1.92966
6754,1.39357
6754,0.661899
6754,1.43151
6754,2.4028
6754,1.21719
6754,2.26988
6754,1.51315
6754,1.35408
6754,2.68412
6754,2.66752
6754,1.40923
6754,0.847302
6756,0.926443
6756,1.89445
6756,2.04547
6756,1.80464
6756,0.945717
6756,0.0425538
6756,1.16039
6756,2.07861
6756,0.926443
6756,1.49065
6756,1.82775
6756,0.222805
6756,0.403136
6756,1.30079
6756,1.75836
6756,0.38284
6756,1.45225
6758,3.6941
6768,1.08545
6770,1.91079
6778,0
6778,0
6778,0
6778,1.183
6778,0.247793
6778,1.183
6778,2.60143
6778,3.09643
6778,2.82595
6778,3.09643
6778,2.60143
6778,2.92756
6778,2.49395
6778,2.35967
6778,0.670756
6778,1.0014
6778,0.34972
6778,0.889733
6778,1.08574
6778,3.55281
6778,0.9387
6778,0.883228
6778,0.45455
6778,1.13298
6778,4.388
6778,1.62254
6778,0
6778,2.42875
6778,3.0986
6778,2.09498
6778,0.0294005
6778,2.89974
6778,3.16865
6778,1.39661
6778,0.822417
6778,0.563913
6778,0.687588
6778,0.836494
6778,0.17014
6778,2.40307
6778,0.17014
6786,0.38704
6786,1.5704
6795,0.920719
6795,0.738733
6795,3.93893
6795,1.41539
6795,0.933135
6795,2.32312
6795,4.03957
6795,2.96201
6795,0.523959
6795,3.08946
6795,1.08225
6795,2.60163
6795,0.611079
6795,1.27047
6795,1.20386
6799,0.166075
6803,2.60508
6803,0.366647
6803,2.31597
6803,0.134249
6803,0.714742
6803,2.31597
6803,2.31597
6803,3.01267
6803,0.779603
6803,4.9424
6804,4.16811
6804,1.69331
6804,1.9428
6804,2.14452
6804,1.71764
6804,2.14452
6804,0.692141
6804,2.63867
6804,1.71764
6804,0.42683
6804,3.49841
6804,1.16812
6804,2.14192
6804,1.17348
6804,0
6804,0.261106
6804,0.955481
6808,1.73645
6808,1.73645
6808,1.73645
6808,1.73645
6808,1.73645
6808,1.73645
6810,2.31832
6810,0
6810,1.21474
6810,0.415709
6810,0.0379436
6810,2.99343
6810,2.20612
6810,1.91348
6819,1.30099
6827,1.08346
6827,1.8234
6827,1.45345
6827,3.00132
6827,2.06108
6827,3.00132
6827,2.06108
6827,2.33902
6827,1.82101
6827,4.19886
6830,0.938272
6830,1.70398
6830,0.77452
6830,1.62885
6830,2.16116
6830,2.84289
6830,2.3311
6830,2.24383
6830,2.01962
6830,1.53708
6830,0.223744
6830,1.03769
6830,2.25718
6830,2.25718
6830,2.25718
6830,2.25718
6830,1.9694
6830,2.11724
6830,1.83467
6830,2.11187
6830,2.98481
6830,1.24287
6830,0.287832
6830,2.39683
6830,2.39683
6830,0.317376
6830,3.18953
6830,0
6830,1.30129
6830,1.30129
6830,2.24661
6830,0.157147
6830,2.51749
6830,0.228654
6830,1.46464
6830,0.580194
6830,0.241226
6830,1.96274
6830,0.672565
6830,1.09351
6830,2.42558
6830,1.09351
6830,2.30082
6830,3.06948
6830,2.42558
6830,1.06005
6830,1.06005
6830,2.25971
6830,2.4251
6830,2.57851
6830,1.99937
6830,2.61831
6830,2.61831
6830,2.61831
6830,2.61831
6830,2.61831
6830,2.69346
6830,0.285379
6830,2.69346
6830,1.31258
6830,0.423207
6830,1.20903
6831,3.37794
6834,1.84077
6840,0.936403
6840,2.90864
6840,1.81509
6840,0.936403
6840,1.97239
6840,3.09422
6840,0
6840,2.34424
6840,2.34424
